,TIME,SRC,PACKET_SIZE,CUMULATIVE_PACKET_SIZE,TOTAL_PACKET_SIZE
0,3e-05,-1.0,97.0,243.0,659.0
1,0.007416,1.0,97.0,2699.0,3095.0
2,0.007341,-1.0,140.0,1730.0,2943.0
3,0.066967,-1.0,74.0,148.0,820.0
4,0.008831,1.0,97.0,2701.0,3689.0
5,0.008482,1.0,573.0,2169.0,3032.0
6,0.075275,1.0,606.0,820.0,820.0
7,0.0554,-1.0,101.0,3203.0,3269.0
8,0.010922,-1.0,101.0,2964.0,3096.0
9,0.056393,1.0,236.0,1829.0,3197.0
10,0.051801,-1.0,66.0,3098.0,3098.0
11,0.007911,1.0,236.0,1966.0,2943.0
12,0.008666,1.0,97.0,2636.0,3032.0
13,0.007646,-1.0,140.0,2536.0,3095.0
14,0.073955,1.0,66.0,214.0,820.0
15,0.001492,1.0,606.0,746.0,2094.0
16,0.008157,-1.0,140.0,2538.0,3009.0
17,0.001792,1.0,606.0,746.0,2098.0
18,0.054136,1.0,66.0,3031.0,3031.0
19,0.001689,-1.0,150.0,216.0,1318.0
20,0.046577,1.0,66.0,3280.0,3619.0
21,0.009602,1.0,236.0,1966.0,3029.0
22,0.008241,1.0,66.0,1796.0,3096.0
23,0.072757,1.0,236.0,1522.0,2092.0
24,0.008618,-1.0,140.0,2539.0,2966.0
25,0.005195,-1.0,66.0,886.0,3099.0
26,0.002736,1.0,105.0,589.0,4084.0
27,0.073883,1.0,571.0,2093.0,2093.0
28,0.072758,1.0,571.0,2093.0,2093.0
29,0.041385,1.0,572.0,2234.0,3163.0
30,0.008919,1.0,97.0,2635.0,2943.0
31,0.060106,-1.0,101.0,5262.0,5328.0
32,0.007704,1.0,66.0,2602.0,3007.0
33,3.6e-05,1.0,66.0,140.0,2097.0
34,0.042835,1.0,504.0,1921.0,1921.0
35,0.000117,-1.0,66.0,198.0,2286.0
36,0.002688,1.0,66.0,132.0,606.0
37,0.002016,-1.0,101.0,349.0,415.0
38,0.076708,1.0,66.0,1120.0,1120.0
39,0.026019,-1.0,97.0,821.0,1330.0
40,0.002426,-1.0,150.0,282.0,1019.0
41,0.001731,-1.0,74.0,148.0,3067.0
42,0.009498,1.0,541.0,1317.0,2293.0
43,2.9e-05,1.0,66.0,140.0,2060.0
44,0.003552,-1.0,278.0,1090.0,3035.0
45,0.023452,1.0,130.0,2190.0,3742.0
46,0.055653,1.0,606.0,886.0,2846.0
47,0.058154,-1.0,66.0,2975.0,2975.0
48,0.006785,-1.0,97.0,2013.0,2246.0
49,0.019622,-1.0,278.0,1230.0,3132.0
50,0.068819,1.0,66.0,1156.0,2062.0
51,0.002032,-1.0,66.0,1376.0,1706.0
52,0.062001,1.0,66.0,5103.0,5103.0
53,0.040985,-1.0,74.0,4106.0,6932.0
54,0.000471,1.0,90.0,296.0,5348.0
55,0.081693,1.0,66.0,214.0,820.0
56,0.077802,1.0,539.0,2061.0,2061.0
57,0.071772,-1.0,74.0,148.0,820.0
58,0.000322,1.0,66.0,418.0,663.0
59,1e-05,-1.0,66.0,132.0,2270.0
60,0.040495,-1.0,66.0,3729.0,5752.0
61,0.00999,1.0,572.0,2168.0,3097.0
62,0.069828,-1.0,66.0,812.0,2093.0
63,0.079531,-1.0,278.0,1090.0,2095.0
64,0.040211,1.0,66.0,2669.0,3162.0
65,0.011336,1.0,66.0,2966.0,3032.0
66,0.054776,1.0,105.0,1060.0,4728.0
67,0.008217,-1.0,140.0,1730.0,3096.0
68,0.01217,1.0,97.0,2701.0,3009.0
69,2.5e-05,1.0,575.0,1442.0,6991.0
70,0.005183,-1.0,66.0,886.0,3090.0
71,0.001465,1.0,66.0,214.0,2960.0
72,0.005573,-1.0,278.0,1164.0,3092.0
73,0.005011,1.0,66.0,2110.0,6867.0
74,0.005117,-1.0,278.0,1164.0,3590.0
75,0.011483,-1.0,66.0,2686.0,2928.0
76,0.005499,-1.0,66.0,2481.0,3444.0
77,0.003397,1.0,606.0,820.0,3002.0
78,0.007997,1.0,566.0,2162.0,3091.0
79,0.067022,1.0,66.0,214.0,820.0
80,0.00868,1.0,97.0,2695.0,3003.0
81,0.008234,1.0,97.0,3219.0,3615.0
82,0.021187,-1.0,66.0,3801.0,7474.0
83,0.050235,-1.0,66.0,3002.0,3002.0
84,0.005867,-1.0,66.0,886.0,3003.0
85,0.076416,-1.0,74.0,148.0,820.0
86,0.01201,-1.0,230.0,2393.0,3092.0
87,0.04003,1.0,606.0,1788.0,3993.0
88,2.8e-05,1.0,126.0,915.0,6731.0
89,0.005607,-1.0,97.0,1885.0,3619.0
90,0.025531,1.0,66.0,4139.0,4279.0
91,0.037522,1.0,66.0,1296.0,3040.0
92,0.045524,1.0,606.0,2781.0,4960.0
93,0.061254,1.0,606.0,1472.0,3647.0
94,0.048935,1.0,74.0,2153.0,2153.0
95,0.009046,1.0,105.0,1864.0,5029.0
96,0.001743,1.0,66.0,214.0,2996.0
97,0.055443,1.0,66.0,1258.0,3888.0
98,0.002599,1.0,105.0,276.0,416.0
99,0.000165,1.0,558.0,1469.0,6863.0
100,0.002217,-1.0,66.0,1505.0,6696.0
101,0.001786,1.0,606.0,746.0,2062.0
102,0.066091,1.0,538.0,6849.0,7276.0
103,0.00977,-1.0,66.0,716.0,790.0
104,0.054497,-1.0,101.0,2834.0,2931.0
105,0.045507,1.0,97.0,2732.0,3040.0
106,0.021299,1.0,66.0,2638.0,3131.0
107,0.043769,-1.0,278.0,3116.0,5018.0
108,0.022721,-1.0,66.0,3721.0,3795.0
109,0.014083,1.0,105.0,3817.0,7078.0
110,0.001726,-1.0,74.0,148.0,3067.0
111,0.030949,-1.0,101.0,3002.0,3134.0
112,0.007152,1.0,606.0,886.0,3098.0
113,0.015881,-1.0,66.0,2576.0,2849.0
114,0.000175,-1.0,145.0,904.0,5007.0
115,0.075214,1.0,130.0,1286.0,2064.0
116,0.016673,1.0,74.0,783.0,1529.0
117,0.011288,-1.0,110.0,2847.0,2979.0
118,0.0,1.0,74.0,74.0,2978.0
119,0.001757,1.0,66.0,214.0,3153.0
120,0.041084,-1.0,97.0,6959.0,7192.0
121,0.079118,1.0,543.0,2065.0,2065.0
122,0.009928,1.0,66.0,3002.0,3068.0
123,0.010288,1.0,542.0,2138.0,2979.0
124,0.006797,1.0,236.0,1596.0,2980.0
125,0.008912,-1.0,101.0,2932.0,3064.0
126,0.046555,-1.0,140.0,3087.0,3646.0
127,0.038598,-1.0,66.0,4652.0,4982.0
128,0.011402,-1.0,66.0,886.0,2999.0
129,0.001737,-1.0,74.0,148.0,3057.0
130,0.005222,1.0,606.0,746.0,2832.0
131,1.6e-05,1.0,66.0,140.0,3574.0
132,0.026394,1.0,66.0,1296.0,3386.0
133,0.073928,1.0,606.0,820.0,820.0
134,4.6e-05,-1.0,97.0,247.0,3647.0
135,0.015084,-1.0,105.0,2013.0,5242.0
136,0.060549,-1.0,66.0,3127.0,3127.0
137,0.018392,1.0,66.0,2632.0,3037.0
138,0.054971,-1.0,101.0,7333.0,7411.0
139,0.013593,1.0,204.0,1075.0,6658.0
140,0.020728,-1.0,230.0,2426.0,3125.0
141,0.071819,1.0,606.0,820.0,820.0
142,0.003445,1.0,606.0,820.0,2841.0
143,0.068839,-1.0,74.0,148.0,820.0
144,0.038658,-1.0,140.0,1901.0,3166.0
145,4.1e-05,-1.0,97.0,235.0,709.0
146,0.074164,1.0,66.0,214.0,820.0
147,3.8e-05,1.0,66.0,140.0,2063.0
148,0.0114,1.0,236.0,1966.0,2999.0
149,0.012578,1.0,97.0,2593.0,2901.0
150,0.005922,-1.0,278.0,1164.0,3064.0
151,0.007715,1.0,66.0,1284.0,4498.0
152,3e-05,1.0,66.0,140.0,2062.0
153,0.023097,1.0,97.0,2866.0,2932.0
154,0.002943,1.0,606.0,820.0,3110.0
155,0.007959,1.0,66.0,2572.0,3065.0
156,0.014698,1.0,66.0,2571.0,2976.0
157,0.01177,1.0,66.0,2996.0,3062.0
158,0.026257,1.0,66.0,280.0,3042.0
159,0.00953,-1.0,230.0,1547.0,2293.0
160,0.081506,1.0,236.0,1522.0,2062.0
161,0.075425,1.0,606.0,820.0,820.0
162,0.016114,1.0,74.0,140.0,3179.0
163,0.076206,-1.0,66.0,812.0,2061.0
164,1.6e-05,1.0,66.0,140.0,2990.0
165,2.8e-05,-1.0,97.0,238.0,821.0
166,0.033464,1.0,130.0,1593.0,3331.0
167,0.005206,-1.0,66.0,886.0,2964.0
168,0.005795,1.0,130.0,1360.0,2875.0
169,0.006827,1.0,66.0,1175.0,3041.0
170,0.005614,1.0,66.0,1230.0,3005.0
171,0.005271,1.0,105.0,1502.0,4521.0
172,0.0,-1.0,66.0,66.0,2367.0
173,0.068615,-1.0,74.0,148.0,820.0
174,0.00947,-1.0,97.0,2862.0,3095.0
175,0.039498,1.0,74.0,140.0,140.0
176,0.054117,-1.0,66.0,2954.0,2954.0
177,0.058566,-1.0,230.0,2462.0,2963.0
178,0.051913,-1.0,66.0,3092.0,3092.0
179,0.016226,-1.0,66.0,2765.0,3095.0
180,0.052924,1.0,66.0,2986.0,3052.0
181,0.005703,-1.0,140.0,910.0,2278.0
182,0.061578,1.0,66.0,5492.0,5492.0
183,0.011066,-1.0,101.0,2964.0,3096.0
184,0.079022,-1.0,101.0,324.0,390.0
185,0.0,-1.0,197.0,197.0,592.0
186,0.001809,-1.0,101.0,324.0,390.0
187,0.017467,1.0,567.0,2599.0,3092.0
188,0.004108,-1.0,145.0,908.0,1572.0
189,0.003353,-1.0,101.0,2331.0,3574.0
190,0.04551,1.0,66.0,457.0,457.0
191,0.044012,1.0,74.0,140.0,2940.0
192,0.024635,1.0,105.0,2186.0,5127.0
193,0.035576,-1.0,140.0,6213.0,6684.0
194,0.063299,-1.0,278.0,7670.0,9383.0
195,0.001743,-1.0,74.0,148.0,3160.0
196,3.7e-05,1.0,66.0,140.0,2091.0
197,0.047923,-1.0,278.0,4705.0,6350.0
198,0.086437,-1.0,66.0,3354.0,3464.0
199,0.031605,-1.0,230.0,2463.0,3030.0
200,0.009596,-1.0,97.0,2861.0,3094.0
201,0.04671,1.0,236.0,2177.0,3611.0
202,6.7e-05,-1.0,66.0,198.0,5120.0
203,0.004982,1.0,672.0,1192.0,4971.0
204,0.004908,-1.0,278.0,1164.0,3094.0
205,0.028053,-1.0,66.0,5567.0,6740.0
206,0.012331,-1.0,140.0,2538.0,3097.0
207,0.009265,-1.0,101.0,2962.0,3094.0
208,0.03527,1.0,74.0,1042.0,4063.0
209,0.038997,-1.0,66.0,720.0,720.0
210,0.009358,-1.0,97.0,2862.0,3095.0
211,0.006224,-1.0,278.0,1164.0,3095.0
212,0.005423,1.0,66.0,1230.0,3094.0
213,0.011246,1.0,236.0,1596.0,3096.0
214,0.00903,-1.0,230.0,2394.0,3093.0
215,0.087815,-1.0,230.0,6179.0,7289.0
216,0.007772,1.0,236.0,1596.0,3094.0
217,0.066008,-1.0,101.0,4639.0,4705.0
218,0.080268,-1.0,101.0,328.0,394.0
219,0.000138,-1.0,105.0,352.0,1258.0
220,0.004612,-1.0,105.0,3136.0,5128.0
221,0.002102,-1.0,101.0,327.0,393.0
222,0.077914,-1.0,101.0,326.0,392.0
223,0.0,-1.0,150.0,150.0,1592.0
224,0.0,1.0,66.0,66.0,459.0
225,0.010887,1.0,101.0,167.0,656.0
226,0.071854,1.0,66.0,214.0,820.0
227,0.035686,1.0,97.0,2757.0,3153.0
228,0.0,-1.0,74.0,74.0,2089.0
229,0.077321,1.0,130.0,1286.0,2084.0
230,0.085006,1.0,66.0,1156.0,1286.0
231,0.00641,1.0,105.0,1499.0,2325.0
232,1.8e-05,1.0,66.0,140.0,2948.0
233,0.079442,1.0,66.0,3207.0,4999.0
234,0.085724,1.0,562.0,2084.0,2084.0
235,0.067988,1.0,66.0,214.0,820.0
236,0.005244,-1.0,66.0,886.0,2934.0
237,0.053332,-1.0,66.0,3088.0,3088.0
238,0.002101,-1.0,74.0,148.0,3089.0
239,0.010679,1.0,66.0,3022.0,3088.0
240,0.007008,1.0,236.0,1596.0,3002.0
241,4.1e-05,1.0,66.0,140.0,2057.0
242,0.040237,1.0,606.0,1406.0,3649.0
243,0.070958,1.0,66.0,1156.0,2060.0
244,0.076183,1.0,236.0,1522.0,2057.0
245,0.076629,1.0,236.0,1522.0,2058.0
246,0.043357,-1.0,66.0,2799.0,3129.0
247,0.008341,-1.0,140.0,2504.0,3063.0
248,0.072558,1.0,236.0,1522.0,2060.0
249,0.009988,1.0,97.0,2591.0,3034.0
250,0.025436,1.0,74.0,140.0,3125.0
251,0.009943,-1.0,110.0,2774.0,2906.0
252,0.042382,1.0,236.0,1662.0,3041.0
253,4.9e-05,-1.0,66.0,132.0,6906.0
254,0.002624,-1.0,66.0,1752.0,9077.0
255,0.028061,1.0,66.0,280.0,3096.0
256,0.040412,-1.0,66.0,2829.0,3159.0
257,0.007585,1.0,236.0,1596.0,3095.0
258,0.024216,-1.0,66.0,3366.0,12246.0
259,0.001458,-1.0,74.0,148.0,3095.0
260,0.008179,1.0,570.0,2166.0,3095.0
261,0.081565,1.0,66.0,214.0,820.0
262,0.005566,1.0,66.0,1230.0,3029.0
263,0.028125,-1.0,66.0,4466.0,6069.0
264,0.017117,1.0,66.0,5311.0,5556.0
265,0.030685,1.0,573.0,2235.0,3164.0
266,0.008541,1.0,570.0,2166.0,3007.0
267,0.068198,-1.0,74.0,148.0,820.0
268,0.01862,-1.0,66.0,1755.0,3805.0
269,0.015338,-1.0,66.0,2615.0,6222.0
270,0.006066,1.0,130.0,1360.0,3095.0
271,0.006801,1.0,130.0,1360.0,3094.0
272,0.011013,1.0,97.0,2897.0,2963.0
273,0.073296,-1.0,74.0,148.0,820.0
274,0.001437,-1.0,74.0,148.0,3063.0
275,0.01275,1.0,66.0,3001.0,3067.0
276,0.054136,-1.0,105.0,3330.0,3567.0
277,0.051798,-1.0,278.0,4852.0,6686.0
278,0.031102,-1.0,66.0,2258.0,5436.0
279,0.006589,1.0,130.0,1360.0,3066.0
280,0.007199,-1.0,66.0,589.0,663.0
281,0.026393,1.0,74.0,140.0,3042.0
282,0.011685,-1.0,230.0,2366.0,3065.0
283,0.068839,-1.0,74.0,148.0,820.0
284,0.00177,1.0,66.0,214.0,3065.0
285,0.00771,1.0,541.0,2137.0,3066.0
286,0.014683,1.0,130.0,1360.0,3177.0
287,0.057623,1.0,540.0,5797.0,6660.0
288,7e-06,-1.0,97.0,247.0,453.0
289,0.002158,1.0,105.0,523.0,663.0
290,0.008663,-1.0,97.0,2767.0,3047.0
291,3e-05,1.0,300.0,1004.0,3502.0
292,0.043918,1.0,97.0,3356.0,3752.0
293,0.075168,1.0,574.0,4426.0,5289.0
294,0.067992,1.0,66.0,214.0,820.0
295,0.012369,-1.0,140.0,2537.0,3008.0
296,0.006502,-1.0,66.0,237.0,3269.0
297,0.051028,-1.0,66.0,2832.0,3096.0
298,0.040871,-1.0,66.0,4393.0,6471.0
299,0.00771,1.0,105.0,1495.0,4590.0
300,0.047045,-1.0,105.0,5644.0,9348.0
301,0.017319,-1.0,110.0,2801.0,2933.0
302,0.002168,1.0,66.0,214.0,3096.0
303,0.008168,-1.0,110.0,2877.0,3009.0
304,0.035351,1.0,66.0,2668.0,3161.0
305,0.00539,-1.0,66.0,886.0,3096.0
306,0.021006,1.0,782.0,848.0,6463.0
307,0.026248,1.0,66.0,3530.0,3775.0
308,0.064064,1.0,130.0,7787.0,9459.0
309,0.014261,1.0,572.0,2604.0,3097.0
310,0.058354,1.0,574.0,6231.0,6658.0
311,0.0,-1.0,66.0,66.0,795.0
312,0.070689,1.0,574.0,4486.0,5349.0
313,0.012454,1.0,66.0,3031.0,3097.0
314,0.071479,-1.0,66.0,7263.0,7527.0
315,0.010415,-1.0,230.0,1578.0,2324.0
316,0.000114,1.0,443.0,1568.0,9563.0
317,0.007641,-1.0,230.0,2400.0,3099.0
318,0.001439,-1.0,74.0,148.0,3030.0
319,0.009404,-1.0,66.0,2767.0,3097.0
320,0.009443,1.0,571.0,2167.0,3096.0
321,0.010761,1.0,236.0,1596.0,3096.0
322,0.005378,-1.0,278.0,1164.0,3098.0
323,0.045175,1.0,66.0,2670.0,3075.0
324,0.050467,1.0,236.0,4360.0,5795.0
325,0.031941,-1.0,66.0,3725.0,8915.0
326,0.075482,1.0,66.0,214.0,820.0
327,0.059471,1.0,66.0,3257.0,3530.0
328,0.027441,-1.0,97.0,3644.0,7018.0
329,0.011945,-1.0,97.0,2259.0,2426.0
330,0.074154,1.0,66.0,214.0,820.0
331,0.043163,1.0,74.0,140.0,3032.0
332,0.058155,1.0,66.0,1885.0,3687.0
333,0.003941,1.0,606.0,820.0,3097.0
334,0.006436,-1.0,66.0,2553.0,2883.0
335,0.042248,1.0,66.0,11170.0,11434.0
336,0.007282,1.0,130.0,1880.0,3594.0
337,0.001763,1.0,66.0,214.0,3095.0
338,0.030663,-1.0,105.0,3401.0,3712.0
339,0.003494,1.0,606.0,820.0,3009.0
340,0.017068,1.0,570.0,4116.0,4827.0
341,0.002616,1.0,105.0,523.0,4967.0
342,0.000299,-1.0,66.0,132.0,2430.0
343,0.005081,1.0,187.0,1042.0,3879.0
344,0.010004,-1.0,140.0,1730.0,3098.0
345,0.00178,-1.0,97.0,304.0,3613.0
346,0.019984,-1.0,74.0,214.0,3164.0
347,0.009471,1.0,66.0,3032.0,3098.0
348,0.004792,-1.0,278.0,1164.0,3007.0
349,0.019288,1.0,66.0,2039.0,2284.0
350,0.052187,1.0,66.0,2943.0,3009.0
351,0.006967,1.0,66.0,1796.0,3095.0
352,0.005423,-1.0,278.0,1164.0,3031.0
353,0.038653,-1.0,101.0,2966.0,3098.0
354,0.006213,1.0,66.0,1230.0,3099.0
355,0.041212,1.0,66.0,280.0,3163.0
356,0.071719,1.0,66.0,214.0,820.0
357,0.007834,1.0,97.0,2701.0,3097.0
358,0.031261,1.0,105.0,5591.0,9270.0
359,0.044254,-1.0,230.0,2464.0,3163.0
360,0.011268,-1.0,110.0,2877.0,3009.0
361,0.009814,1.0,66.0,1798.0,2210.0
362,0.00179,-1.0,74.0,148.0,3062.0
363,0.00918,-1.0,140.0,2506.0,2977.0
364,0.070478,1.0,606.0,820.0,820.0
365,0.0,-1.0,66.0,66.0,3510.0
366,0.016041,-1.0,278.0,1230.0,3041.0
367,0.000365,1.0,66.0,411.0,2237.0
368,0.04835,-1.0,140.0,1796.0,2909.0
369,0.008302,1.0,537.0,2133.0,3062.0
370,0.015325,-1.0,230.0,2364.0,3063.0
371,0.003931,-1.0,150.0,1372.0,1714.0
372,0.019624,1.0,540.0,2202.0,3131.0
373,0.05659,-1.0,66.0,3739.0,4034.0
374,0.007019,1.0,130.0,1360.0,3062.0
375,0.069352,1.0,606.0,820.0,820.0
376,0.008509,-1.0,97.0,3180.0,6582.0
377,0.031007,1.0,105.0,3211.0,7605.0
378,0.004902,-1.0,141.0,1793.0,6545.0
379,0.07205,1.0,66.0,3891.0,5093.0
380,0.000268,-1.0,278.0,344.0,2524.0
381,0.01019,-1.0,140.0,2428.0,2899.0
382,3.8e-05,-1.0,97.0,247.0,1304.0
383,0.014245,-1.0,66.0,1545.0,4471.0
384,0.055358,-1.0,278.0,10081.0,11822.0
385,0.00857,1.0,74.0,311.0,1057.0
386,0.001508,1.0,606.0,746.0,2055.0
387,0.019249,-1.0,101.0,2927.0,3059.0
388,0.006894,1.0,105.0,1520.0,8297.0
389,0.00192,1.0,606.0,746.0,2058.0
390,0.005384,1.0,66.0,1230.0,3105.0
391,0.081365,-1.0,74.0,148.0,820.0
392,0.008031,-1.0,230.0,2360.0,2971.0
393,0.01082,-1.0,66.0,1854.0,1928.0
394,0.051554,-1.0,66.0,3060.0,3060.0
395,0.000121,-1.0,66.0,132.0,1275.0
396,0.012699,-1.0,230.0,1590.0,2906.0
397,0.012919,-1.0,110.0,2677.0,2840.0
398,0.000104,1.0,97.0,767.0,2307.0
399,1.8e-05,1.0,66.0,167.0,167.0
400,0.001846,1.0,66.0,777.0,1604.0
401,0.054399,1.0,223.0,1422.0,1422.0
402,0.012056,-1.0,105.0,673.0,739.0
403,0.014445,-1.0,105.0,682.0,748.0
404,0.081455,1.0,105.0,1135.0,1135.0
405,0.054162,1.0,224.0,290.0,290.0
406,0.012281,-1.0,105.0,3327.0,3797.0
407,0.001639,-1.0,74.0,148.0,3093.0
408,0.034354,-1.0,138.0,5963.0,6266.0
409,0.002606,-1.0,66.0,1583.0,6677.0
410,0.001446,-1.0,74.0,148.0,3006.0
411,0.066198,-1.0,101.0,6742.0,6808.0
412,0.00174,1.0,66.0,214.0,3095.0
413,0.006624,-1.0,230.0,2396.0,3007.0
414,0.00367,-1.0,105.0,1214.0,2207.0
415,0.00711,-1.0,140.0,2534.0,3093.0
416,0.001738,1.0,66.0,214.0,3027.0
417,0.004882,-1.0,66.0,886.0,3093.0
418,0.039664,-1.0,230.0,2983.0,3594.0
419,0.040298,-1.0,66.0,2866.0,4879.0
420,0.056107,1.0,477.0,4259.0,5811.0
421,0.041106,-1.0,150.0,5924.0,9183.0
422,0.000129,-1.0,140.0,370.0,1732.0
423,0.005159,-1.0,147.0,1783.0,4293.0
424,0.005445,-1.0,66.0,886.0,3092.0
425,0.033099,-1.0,110.0,2939.0,3071.0
426,0.040424,1.0,66.0,3094.0,3160.0
427,0.008802,-1.0,110.0,2874.0,3006.0
428,0.053654,-1.0,66.0,3095.0,3095.0
429,0.008826,-1.0,230.0,2396.0,3095.0
430,0.04789,1.0,453.0,2271.0,7543.0
431,0.002017,-1.0,74.0,148.0,3093.0
432,0.008842,-1.0,230.0,2396.0,3095.0
433,0.01326,-1.0,140.0,2535.0,3094.0
434,0.008328,1.0,570.0,2166.0,3095.0
435,0.058977,1.0,735.0,801.0,1685.0
436,0.050502,-1.0,66.0,2973.0,2973.0
437,0.003634,1.0,606.0,820.0,3064.0
438,0.067981,1.0,66.0,214.0,820.0
439,0.00802,-1.0,230.0,1590.0,2995.0
440,0.006979,1.0,236.0,1596.0,3062.0
441,0.009417,-1.0,97.0,2829.0,3062.0
442,0.019037,-1.0,97.0,1941.0,2174.0
443,0.074637,-1.0,74.0,148.0,820.0
444,0.073854,1.0,606.0,820.0,820.0
445,0.0,-1.0,66.0,66.0,2258.0
446,0.071513,1.0,606.0,820.0,820.0
447,0.038072,1.0,606.0,1401.0,3643.0
448,0.006517,1.0,130.0,1360.0,2930.0
449,0.007776,1.0,66.0,1302.0,4535.0
450,0.01055,1.0,536.0,2354.0,2781.0
451,0.0,-1.0,66.0,66.0,886.0
452,0.043405,1.0,74.0,140.0,3093.0
453,0.007935,1.0,570.0,2166.0,3095.0
454,0.003422,1.0,606.0,820.0,3093.0
455,0.055399,-1.0,66.0,3096.0,3096.0
456,0.003447,1.0,606.0,820.0,3093.0
457,0.002027,-1.0,74.0,148.0,3093.0
458,8.8e-05,-1.0,97.0,249.0,3738.0
459,0.037053,-1.0,74.0,3707.0,6654.0
460,0.014619,-1.0,110.0,3092.0,3224.0
461,0.046496,-1.0,278.0,1748.0,3610.0
462,0.071881,-1.0,230.0,3233.0,3712.0
463,0.028048,1.0,773.0,3558.0,9376.0
464,0.007867,1.0,105.0,523.0,3647.0
465,0.006811,-1.0,278.0,1164.0,3094.0
466,0.009594,-1.0,110.0,2776.0,2939.0
467,0.045945,1.0,66.0,2939.0,3005.0
468,0.0,-1.0,66.0,66.0,3159.0
469,0.085285,-1.0,66.0,3426.0,3426.0
470,0.050547,-1.0,66.0,3096.0,3096.0
471,0.003131,1.0,606.0,820.0,3007.0
472,0.045795,1.0,105.0,4530.0,4670.0
473,0.008218,1.0,236.0,1596.0,3095.0
474,0.005837,-1.0,66.0,886.0,3095.0
475,0.0055,1.0,66.0,1230.0,3093.0
476,0.023477,1.0,195.0,1042.0,3723.0
477,0.008792,-1.0,140.0,2534.0,3005.0
478,0.029368,1.0,74.0,140.0,3159.0
479,0.014596,-1.0,66.0,2764.0,3094.0
480,0.04833,1.0,236.0,1662.0,3093.0
481,0.063912,1.0,606.0,2807.0,4859.0
482,0.049873,1.0,97.0,2765.0,3095.0
483,0.041067,-1.0,66.0,2829.0,3071.0
484,0.00821,-1.0,344.0,2735.0,7728.0
485,0.07649,1.0,606.0,820.0,820.0
486,0.046872,-1.0,230.0,2458.0,3003.0
487,0.0,-1.0,150.0,150.0,1252.0
488,0.035121,1.0,74.0,3780.0,6712.0
489,0.005281,-1.0,66.0,886.0,3093.0
490,0.027281,1.0,74.0,1236.0,1236.0
491,0.039633,1.0,74.0,140.0,2874.0
492,0.056858,1.0,606.0,886.0,3026.0
493,0.010003,1.0,567.0,2599.0,3092.0
494,0.037597,-1.0,66.0,4561.0,6616.0
495,0.004292,-1.0,66.0,886.0,3094.0
496,0.051231,1.0,130.0,1426.0,3095.0
497,0.041396,-1.0,110.0,2938.0,3070.0
498,1.2e-05,-1.0,66.0,132.0,5062.0
499,0.001605,-1.0,105.0,418.0,729.0
500,0.008992,1.0,236.0,1596.0,3005.0
501,0.007775,1.0,569.0,2165.0,3006.0
502,0.086013,1.0,66.0,4261.0,4688.0
503,1.6e-05,-1.0,247.0,758.0,7548.0
504,0.077273,-1.0,101.0,262.0,328.0
505,0.025168,1.0,66.0,3591.0,4153.0
506,0.029857,-1.0,101.0,666.0,732.0
507,0.002084,1.0,66.0,390.0,2878.0
508,0.001292,-1.0,147.0,213.0,875.0
509,0.002026,-1.0,101.0,325.0,391.0
510,0.037583,1.0,90.0,3511.0,4469.0
511,0.000109,-1.0,105.0,515.0,2743.0
512,4.2e-05,1.0,576.0,1438.0,3902.0
513,0.019182,-1.0,66.0,1492.0,5111.0
514,0.012529,1.0,97.0,2895.0,2961.0
515,0.036801,1.0,97.0,2962.0,3028.0
516,0.029202,1.0,66.0,1296.0,3159.0
517,0.005908,1.0,130.0,1360.0,3005.0
518,0.008965,-1.0,66.0,2761.0,3091.0
519,0.004566,-1.0,66.0,886.0,3091.0
520,0.009284,-1.0,97.0,2697.0,2961.0
521,0.026359,1.0,105.0,2778.0,4260.0
522,0.004847,-1.0,278.0,1164.0,3004.0
523,0.009207,-1.0,140.0,2533.0,3677.0
524,0.044489,-1.0,66.0,5544.0,5618.0
525,0.001473,-1.0,97.0,313.0,519.0
526,0.083387,1.0,66.0,214.0,820.0
527,0.002041,1.0,66.0,214.0,3093.0
528,0.030457,1.0,97.0,2761.0,3157.0
529,0.001799,-1.0,74.0,148.0,3009.0
530,0.001507,1.0,66.0,214.0,3093.0
531,0.00147,1.0,66.0,214.0,2939.0
532,0.005864,-1.0,66.0,886.0,2961.0
533,3e-05,1.0,66.0,167.0,167.0
534,0.001835,1.0,66.0,381.0,1072.0
535,0.075447,-1.0,101.0,323.0,389.0
536,0.000271,1.0,66.0,261.0,660.0
537,0.023953,-1.0,66.0,2656.0,3573.0
538,0.021267,1.0,78.0,2219.0,2674.0
539,0.022374,-1.0,105.0,495.0,561.0
540,3.2e-05,1.0,66.0,265.0,592.0
541,5.5e-05,1.0,245.0,994.0,4750.0
542,0.001734,-1.0,74.0,148.0,3062.0
543,0.006679,1.0,74.0,140.0,3041.0
544,0.00929,-1.0,110.0,2841.0,2973.0
545,0.083417,-1.0,66.0,812.0,2059.0
546,0.008719,-1.0,230.0,2362.0,3061.0
547,0.00189,-1.0,140.0,1271.0,2323.0
548,0.006028,1.0,606.0,820.0,2974.0
549,0.01236,-1.0,101.0,2553.0,2716.0
550,0.001808,-1.0,74.0,148.0,2974.0
551,0.009328,-1.0,101.0,2861.0,2993.0
552,0.001429,-1.0,74.0,148.0,3059.0
553,0.07706,1.0,606.0,1412.0,1412.0
554,0.083654,1.0,130.0,1286.0,2056.0
555,0.005244,1.0,97.0,1503.0,1899.0
556,0.060241,-1.0,97.0,5971.0,6138.0
557,0.014607,-1.0,66.0,2730.0,3060.0
558,0.0105,-1.0,66.0,2635.0,2996.0
559,0.007439,1.0,236.0,1596.0,2995.0
560,0.001743,-1.0,74.0,148.0,3015.0
561,0.010183,-1.0,105.0,3407.0,3644.0
562,0.003469,1.0,105.0,721.0,2394.0
563,0.009699,1.0,130.0,1286.0,2988.0
564,0.056659,1.0,66.0,1951.0,3495.0
565,0.003573,-1.0,66.0,1712.0,3721.0
566,0.030308,1.0,130.0,1597.0,3145.0
567,0.051932,-1.0,66.0,2908.0,2908.0
568,0.001742,-1.0,74.0,148.0,2999.0
569,0.000419,-1.0,66.0,167.0,3230.0
570,0.006394,1.0,66.0,4385.0,6149.0
571,0.000101,1.0,453.0,1448.0,6689.0
572,0.003109,1.0,606.0,820.0,3061.0
573,0.012004,1.0,535.0,2131.0,2994.0
574,0.084017,-1.0,74.0,148.0,820.0
575,0.01222,1.0,66.0,2996.0,3062.0
576,0.034951,1.0,539.0,3639.0,4568.0
577,0.036867,1.0,538.0,3745.0,4674.0
578,0.075142,-1.0,74.0,148.0,820.0
579,0.048534,1.0,66.0,2943.0,3009.0
580,0.068528,1.0,236.0,3498.0,4933.0
581,0.001443,-1.0,74.0,148.0,3143.0
582,0.00593,1.0,66.0,1230.0,3097.0
583,0.043131,1.0,66.0,2471.0,5134.0
584,0.00264,1.0,66.0,1016.0,2881.0
585,0.052512,-1.0,66.0,3095.0,3095.0
586,0.003703,1.0,606.0,820.0,3007.0
587,0.007265,1.0,236.0,1596.0,3007.0
588,0.061726,-1.0,278.0,1230.0,2942.0
589,0.058019,1.0,606.0,2827.0,4884.0
590,0.007342,1.0,236.0,1596.0,2965.0
591,0.005013,1.0,66.0,1230.0,3029.0
592,0.058506,-1.0,97.0,2929.0,3096.0
593,0.058656,1.0,97.0,3286.0,3616.0
594,0.054166,1.0,236.0,2246.0,3614.0
595,0.068183,-1.0,74.0,148.0,820.0
596,0.009154,-1.0,66.0,886.0,3094.0
597,0.020084,-1.0,140.0,2603.0,3162.0
598,0.001714,-1.0,74.0,148.0,3097.0
599,0.002059,1.0,66.0,737.0,3685.0
600,0.037977,1.0,66.0,280.0,3075.0
601,0.077365,-1.0,74.0,148.0,820.0
602,0.008054,-1.0,140.0,2536.0,3095.0
603,0.009855,-1.0,110.0,2810.0,2942.0
604,0.009327,1.0,66.0,2603.0,3096.0
605,0.008311,1.0,97.0,2700.0,3096.0
606,0.032571,1.0,571.0,2233.0,3074.0
607,0.01165,-1.0,101.0,2142.0,2274.0
608,0.004892,-1.0,66.0,886.0,2964.0
609,0.00213,-1.0,110.0,945.0,1077.0
610,0.039117,-1.0,278.0,1230.0,2941.0
611,0.010862,-1.0,140.0,2463.0,3022.0
612,0.001792,-1.0,105.0,418.0,729.0
613,0.007113,1.0,572.0,2390.0,2883.0
614,0.0,-1.0,66.0,66.0,3166.0
615,0.008306,-1.0,140.0,2537.0,3030.0
616,0.006887,-1.0,140.0,1730.0,3027.0
617,0.009793,-1.0,97.0,1581.0,1814.0
618,0.010983,-1.0,66.0,588.0,3617.0
619,0.000127,1.0,97.0,848.0,4668.0
620,0.001975,-1.0,66.0,1580.0,6681.0
621,0.008874,-1.0,140.0,1730.0,2936.0
622,0.045867,-1.0,66.0,3045.0,3441.0
623,0.00587,-1.0,66.0,886.0,3089.0
624,0.043052,-1.0,66.0,4875.0,5205.0
625,0.020523,-1.0,143.0,1750.0,5280.0
626,0.013007,-1.0,140.0,2458.0,3017.0
627,0.001746,-1.0,74.0,148.0,3090.0
628,9.8e-05,-1.0,66.0,198.0,7600.0
629,0.005352,1.0,66.0,1230.0,3003.0
630,0.004929,-1.0,278.0,1164.0,3090.0
631,0.067992,-1.0,74.0,148.0,820.0
632,0.003415,1.0,606.0,820.0,3092.0
633,0.000372,-1.0,278.0,344.0,2796.0
634,0.026837,1.0,66.0,4801.0,9355.0
635,0.008839,1.0,236.0,2032.0,3092.0
636,0.036794,1.0,66.0,3366.0,3432.0
637,0.002793,1.0,130.0,1146.0,2876.0
638,0.003734,1.0,606.0,820.0,3091.0
639,0.002028,-1.0,74.0,148.0,3093.0
640,0.001434,1.0,66.0,214.0,3027.0
641,0.015088,1.0,66.0,3027.0,3093.0
642,0.081696,1.0,571.0,2093.0,2093.0
643,0.027613,1.0,74.0,140.0,3071.0
644,0.021676,-1.0,97.0,2938.0,3171.0
645,0.00897,-1.0,230.0,2395.0,3094.0
646,0.020243,-1.0,101.0,1753.0,1885.0
647,0.007138,-1.0,140.0,2536.0,3095.0
648,0.062695,-1.0,66.0,3083.0,3083.0
649,0.06847,-1.0,74.0,148.0,820.0
650,0.033382,-1.0,230.0,2461.0,3160.0
651,0.006834,1.0,130.0,1286.0,3021.0
652,0.011632,-1.0,66.0,2603.0,2964.0
653,0.006227,1.0,130.0,1360.0,3093.0
654,0.042388,1.0,236.0,2032.0,3094.0
655,0.009889,1.0,236.0,1596.0,2962.0
656,0.00228,1.0,105.0,520.0,1934.0
657,0.005171,-1.0,278.0,1164.0,3094.0
658,0.00426,-1.0,140.0,1516.0,3031.0
659,0.02236,1.0,66.0,3104.0,3170.0
660,0.002015,-1.0,74.0,148.0,3115.0
661,0.072761,-1.0,66.0,3115.0,3115.0
662,0.0,-1.0,66.0,66.0,1464.0
663,0.068187,1.0,66.0,214.0,820.0
664,0.0,-1.0,66.0,66.0,3179.0
665,0.067705,1.0,66.0,214.0,820.0
666,0.001616,1.0,606.0,746.0,3042.0
667,0.069347,1.0,66.0,1156.0,2064.0
668,0.076456,1.0,606.0,820.0,820.0
669,0.001761,-1.0,74.0,148.0,3036.0
670,0.041029,-1.0,140.0,1796.0,3067.0
671,0.00925,-1.0,97.0,2770.0,3003.0
672,0.025355,1.0,66.0,280.0,3000.0
673,0.080563,-1.0,278.0,1090.0,2065.0
674,0.073637,1.0,606.0,820.0,820.0
675,0.003707,1.0,606.0,820.0,3069.0
676,0.004255,1.0,606.0,820.0,2999.0
677,0.007646,1.0,542.0,2138.0,2913.0
678,0.001448,-1.0,74.0,148.0,2973.0
679,0.073341,-1.0,66.0,3128.0,3128.0
680,0.010498,1.0,130.0,2788.0,4557.0
681,0.082809,1.0,606.0,820.0,820.0
682,0.009691,1.0,66.0,280.0,3132.0
683,0.067628,1.0,66.0,214.0,820.0
684,0.024105,1.0,66.0,280.0,3131.0
685,0.006346,1.0,130.0,1360.0,3063.0
686,0.023149,-1.0,110.0,2747.0,2910.0
687,0.010467,1.0,66.0,2999.0,3065.0
688,0.019691,1.0,97.0,2766.0,2999.0
689,0.067865,1.0,66.0,214.0,820.0
690,0.046144,1.0,97.0,2733.0,3041.0
691,0.014116,1.0,541.0,2507.0,2846.0
692,0.002537,-1.0,66.0,1521.0,6725.0
693,0.04262,-1.0,140.0,2740.0,3299.0
694,0.004193,1.0,697.0,911.0,7699.0
695,0.001429,-1.0,74.0,148.0,3088.0
696,0.039101,1.0,66.0,346.0,3133.0
697,0.007027,-1.0,140.0,2531.0,3002.0
698,0.001955,1.0,66.0,268.0,3561.0
699,0.002218,1.0,606.0,746.0,2087.0
700,0.007922,1.0,236.0,824.0,1879.0
701,0.047133,1.0,74.0,140.0,3023.0
702,0.007129,-1.0,230.0,1376.0,2809.0
703,0.001718,-1.0,74.0,148.0,3089.0
704,0.001438,-1.0,74.0,148.0,3091.0
705,0.051534,1.0,66.0,2935.0,3001.0
706,0.008519,-1.0,66.0,2760.0,3090.0
707,0.007979,1.0,97.0,2692.0,3088.0
708,0.011929,1.0,97.0,2693.0,3089.0
709,0.021153,1.0,66.0,2956.0,3022.0
710,0.051739,-1.0,66.0,3090.0,3090.0
711,0.00342,1.0,606.0,820.0,3090.0
712,0.012036,-1.0,101.0,2957.0,3089.0
713,0.046998,1.0,66.0,2934.0,3000.0
714,0.005414,1.0,66.0,1230.0,3090.0
715,0.073938,-1.0,74.0,148.0,820.0
716,0.011159,-1.0,97.0,2790.0,3023.0
717,0.002024,-1.0,66.0,672.0,2780.0
718,0.078433,1.0,66.0,214.0,820.0
719,0.0,1.0,74.0,74.0,3341.0
720,0.0045,-1.0,66.0,886.0,2970.0
721,0.004247,1.0,606.0,820.0,3125.0
722,0.011605,1.0,78.0,2283.0,2283.0
723,0.070652,-1.0,278.0,1090.0,2057.0
724,0.052996,-1.0,66.0,2971.0,2971.0
725,0.078406,1.0,532.0,2054.0,2054.0
726,0.010513,-1.0,630.0,2007.0,7387.0
727,0.001755,1.0,66.0,214.0,3058.0
728,1.5e-05,1.0,66.0,140.0,2984.0
729,0.018666,1.0,74.0,140.0,886.0
730,0.011028,1.0,536.0,1748.0,2241.0
731,0.031593,1.0,66.0,6258.0,6324.0
732,0.009325,-1.0,66.0,655.0,729.0
733,0.058467,-1.0,110.0,3420.0,3420.0
734,0.00904,-1.0,140.0,2500.0,2971.0
735,3.6e-05,1.0,66.0,140.0,2065.0
736,0.003984,1.0,66.0,1773.0,4790.0
737,0.025585,-1.0,66.0,2801.0,3178.0
738,0.013788,-1.0,66.0,2736.0,3066.0
739,0.030458,-1.0,278.0,3863.0,9982.0
740,3e-05,1.0,66.0,140.0,2065.0
741,0.018272,-1.0,140.0,2574.0,3067.0
742,0.009675,-1.0,66.0,2204.0,2847.0
743,0.00731,1.0,130.0,1360.0,3220.0
744,0.033764,1.0,130.0,1426.0,3132.0
745,0.003218,-1.0,66.0,812.0,2992.0
746,0.008436,1.0,606.0,820.0,3065.0
747,0.054346,1.0,66.0,2837.0,2903.0
748,0.007907,1.0,236.0,1596.0,3064.0
749,0.071906,1.0,606.0,820.0,820.0
750,0.0727,-1.0,74.0,148.0,820.0
751,0.06805,-1.0,74.0,148.0,820.0
752,0.016424,1.0,97.0,2670.0,3066.0
753,0.0786,-1.0,74.0,148.0,820.0
754,0.031337,-1.0,101.0,2972.0,3104.0
755,0.005846,1.0,130.0,1360.0,2882.0
756,0.01081,-1.0,66.0,2704.0,2946.0
757,0.008929,-1.0,66.0,1565.0,1807.0
758,0.039777,-1.0,140.0,2608.0,3079.0
759,0.005823,1.0,573.0,2325.0,2818.0
760,0.0,1.0,74.0,74.0,2967.0
761,0.007273,-1.0,230.0,2399.0,3098.0
762,0.001754,-1.0,74.0,148.0,3100.0
763,0.009018,1.0,97.0,2706.0,3102.0
764,0.009582,-1.0,66.0,2770.0,3100.0
765,0.019158,1.0,236.0,1662.0,3147.0
766,0.003572,1.0,105.0,772.0,912.0
767,0.015263,1.0,66.0,2960.0,3026.0
768,0.011841,1.0,97.0,2709.0,3105.0
769,0.009863,-1.0,101.0,2969.0,3101.0
770,0.027658,-1.0,230.0,2467.0,3078.0
771,0.085408,-1.0,74.0,148.0,820.0
772,0.006295,-1.0,97.0,461.0,3682.0
773,0.005471,-1.0,278.0,1164.0,3094.0
774,0.031012,1.0,606.0,886.0,3157.0
775,0.010639,-1.0,66.0,2764.0,3094.0
776,0.00665,1.0,97.0,1282.0,2011.0
777,0.005642,1.0,606.0,746.0,3020.0
778,0.02508,1.0,74.0,140.0,140.0
779,0.005461,1.0,66.0,1230.0,3004.0
780,0.040893,1.0,66.0,2667.0,3160.0
781,0.018983,1.0,66.0,2953.0,3019.0
782,0.005245,-1.0,66.0,886.0,3004.0
783,0.066019,-1.0,101.0,6626.0,6692.0
784,0.005407,-1.0,66.0,886.0,3092.0
785,0.026538,-1.0,150.0,3237.0,3750.0
786,0.001789,1.0,66.0,214.0,3092.0
787,0.053337,-1.0,66.0,3092.0,3092.0
788,0.007809,1.0,236.0,1596.0,3004.0
789,0.009367,-1.0,230.0,1590.0,2871.0
790,0.001795,-1.0,74.0,148.0,3006.0
791,0.002051,1.0,66.0,214.0,3090.0
792,0.006848,-1.0,66.0,1005.0,4621.0
793,0.018541,1.0,651.0,1237.0,5075.0
794,0.007541,1.0,564.0,2160.0,3089.0
795,0.014545,-1.0,101.0,2959.0,3091.0
796,0.046176,1.0,74.0,2309.0,2309.0
797,0.044393,-1.0,66.0,3343.0,3673.0
798,0.026529,1.0,66.0,2597.0,2936.0
799,0.007081,-1.0,230.0,1826.0,2958.0
800,0.006122,1.0,130.0,1360.0,3089.0
801,0.002037,-1.0,278.0,950.0,2880.0
802,0.053571,-1.0,66.0,1602.0,3584.0
803,0.009446,1.0,97.0,2695.0,3091.0
804,0.008013,1.0,66.0,2595.0,3088.0
805,0.003519,1.0,606.0,820.0,3089.0
806,0.003376,1.0,606.0,820.0,3001.0
807,0.00029,1.0,66.0,410.0,2418.0
808,0.084401,-1.0,66.0,812.0,2086.0
809,0.076769,-1.0,74.0,148.0,820.0
810,0.047096,-1.0,66.0,1854.0,3969.0
811,0.000455,-1.0,97.0,307.0,3968.0
812,0.009237,1.0,541.0,2137.0,3066.0
813,0.019105,-1.0,66.0,1244.0,1318.0
814,0.050051,1.0,66.0,3504.0,5276.0
815,0.007827,1.0,101.0,717.0,857.0
816,0.017783,-1.0,140.0,2505.0,3111.0
817,0.001759,1.0,66.0,214.0,2912.0
818,0.053737,-1.0,66.0,3323.0,3433.0
819,0.027433,1.0,606.0,886.0,3068.0
820,0.012641,-1.0,66.0,1849.0,2179.0
821,0.064161,-1.0,66.0,6255.0,6519.0
822,0.011108,-1.0,97.0,2834.0,3067.0
823,0.050725,-1.0,66.0,3064.0,3064.0
824,0.042781,-1.0,74.0,803.0,3656.0
825,0.018504,-1.0,230.0,2368.0,3180.0
826,0.010066,-1.0,66.0,2735.0,3065.0
827,1.8e-05,1.0,66.0,167.0,167.0
828,0.0,1.0,229.0,229.0,396.0
829,0.002093,1.0,66.0,395.0,395.0
830,0.003827,-1.0,105.0,413.0,2144.0
831,0.008551,-1.0,140.0,2541.0,3100.0
832,0.004362,1.0,66.0,1450.0,4718.0
833,0.021624,1.0,66.0,491.0,491.0
834,0.02433,-1.0,60.0,3521.0,3653.0
835,0.006645,1.0,130.0,1360.0,3691.0
836,0.0,1.0,496.0,496.0,663.0
837,0.005393,-1.0,66.0,995.0,1649.0
838,0.004264,-1.0,66.0,886.0,3098.0
839,0.00456,1.0,66.0,2067.0,3618.0
840,0.011761,1.0,66.0,3518.0,6719.0
841,7.5e-05,-1.0,97.0,247.0,815.0
842,0.039383,1.0,105.0,4351.0,4813.0
843,0.030265,-1.0,101.0,820.0,886.0
844,0.051553,1.0,66.0,610.0,610.0
845,0.020413,1.0,90.0,1146.0,1484.0
846,0.00722,1.0,130.0,1843.0,5005.0
847,0.014774,-1.0,478.0,3905.0,5140.0
848,0.001764,1.0,66.0,276.0,820.0
849,2.4e-05,-1.0,238.0,382.0,4439.0
850,0.015871,1.0,97.0,2855.0,2921.0
851,0.001781,1.0,66.0,214.0,2976.0
852,0.053697,-1.0,66.0,2901.0,2901.0
853,0.009932,1.0,97.0,1414.0,2209.0
854,0.023612,-1.0,74.0,2293.0,5211.0
855,0.070121,1.0,606.0,820.0,820.0
856,0.075197,-1.0,66.0,3132.0,3132.0
857,0.077774,-1.0,66.0,3063.0,3063.0
858,0.026783,1.0,66.0,3008.0,3501.0
859,0.011446,1.0,66.0,1230.0,3110.0
860,0.010425,1.0,97.0,2666.0,3062.0
861,0.006044,-1.0,66.0,886.0,3066.0
862,0.031839,1.0,66.0,5860.0,22863.0
863,0.008551,1.0,236.0,1596.0,3064.0
864,0.038963,-1.0,140.0,1796.0,3066.0
865,0.089481,-1.0,66.0,3132.0,3132.0
866,0.051493,1.0,236.0,3893.0,4707.0
867,0.041556,1.0,130.0,2328.0,4030.0
868,0.070829,1.0,606.0,820.0,820.0
869,0.01304,1.0,66.0,140.0,952.0
870,0.001734,-1.0,74.0,148.0,3097.0
871,0.066153,-1.0,230.0,6172.0,6918.0
872,0.001465,-1.0,74.0,148.0,3029.0
873,0.0039,1.0,606.0,820.0,3098.0
874,0.076568,1.0,606.0,820.0,820.0
875,0.006224,-1.0,278.0,1090.0,3023.0
876,0.060749,-1.0,140.0,2143.0,3443.0
877,0.073893,1.0,606.0,886.0,3032.0
878,0.082668,-1.0,74.0,148.0,820.0
879,0.034347,-1.0,97.0,2929.0,3162.0
880,0.009074,-1.0,66.0,1558.0,1734.0
881,0.005655,1.0,66.0,1230.0,3034.0
882,0.005378,-1.0,278.0,1164.0,3097.0
883,0.0,1.0,606.0,606.0,2815.0
884,0.002008,-1.0,74.0,148.0,3097.0
885,0.071966,-1.0,74.0,148.0,820.0
886,0.007572,1.0,236.0,2032.0,3008.0
887,0.073571,-1.0,74.0,148.0,820.0
888,0.051049,-1.0,66.0,3005.0,3005.0
889,0.004732,-1.0,278.0,1164.0,3088.0
890,0.051739,-1.0,66.0,3088.0,3088.0
891,0.005438,1.0,66.0,1230.0,3088.0
892,0.009285,-1.0,97.0,2855.0,3088.0
893,0.006223,-1.0,278.0,1164.0,3002.0
894,0.011829,-1.0,140.0,2531.0,3002.0
895,0.047016,1.0,97.0,2760.0,3068.0
896,0.070957,1.0,606.0,820.0,820.0
897,0.082326,1.0,66.0,214.0,820.0
898,0.00825,1.0,97.0,2695.0,3003.0
899,0.082743,1.0,606.0,886.0,3024.0
900,0.053842,-1.0,66.0,2877.0,2877.0
901,0.0,-1.0,150.0,150.0,663.0
902,0.003013,1.0,105.0,591.0,898.0
903,0.037253,-1.0,66.0,2827.0,3157.0
904,0.054504,-1.0,230.0,1656.0,3026.0
905,0.005626,-1.0,97.0,1903.0,6541.0
906,0.050848,-1.0,66.0,3090.0,3090.0
907,0.006406,1.0,66.0,2525.0,2930.0
908,0.052854,1.0,66.0,2418.0,5295.0
909,0.03207,1.0,74.0,140.0,140.0
910,0.075294,-1.0,278.0,7399.0,9107.0
911,0.009455,1.0,66.0,2599.0,3092.0
912,0.029031,1.0,105.0,3662.0,3802.0
913,0.009097,-1.0,230.0,2392.0,3003.0
914,0.029053,1.0,66.0,3732.0,7244.0
915,0.051089,-1.0,66.0,3091.0,3091.0
916,0.006238,1.0,606.0,820.0,3091.0
917,0.050396,-1.0,66.0,3090.0,3090.0
918,0.05126,1.0,130.0,1445.0,3112.0
919,0.005221,-1.0,66.0,886.0,3091.0
920,0.04447,1.0,97.0,3102.0,3498.0
921,0.013244,-1.0,101.0,2961.0,3093.0
922,0.047464,1.0,66.0,2938.0,3004.0
923,0.007997,1.0,66.0,2602.0,3095.0
924,0.005806,-1.0,278.0,1164.0,3093.0
925,0.003402,1.0,66.0,418.0,663.0
926,0.050152,-1.0,66.0,3092.0,3092.0
927,0.007498,1.0,97.0,2699.0,3095.0
928,0.008509,1.0,66.0,2599.0,3092.0
929,9.1e-05,1.0,444.0,1569.0,6261.0
930,3.5e-05,1.0,66.0,140.0,2092.0
931,0.002184,-1.0,66.0,132.0,132.0
932,0.069222,-1.0,278.0,1109.0,2113.0
933,0.071157,1.0,130.0,1286.0,2093.0
934,0.072928,1.0,66.0,1156.0,2093.0
935,0.070241,-1.0,278.0,1090.0,2095.0
936,0.079284,-1.0,101.0,325.0,391.0
937,0.001776,-1.0,151.0,283.0,946.0
938,0.059177,-1.0,66.0,5751.0,8627.0
939,0.01399,1.0,66.0,457.0,457.0
940,0.030032,1.0,97.0,3918.0,4785.0
941,0.0,1.0,101.0,101.0,975.0
942,0.0,-1.0,150.0,150.0,2371.0
943,5.5e-05,-1.0,97.0,244.0,809.0
944,0.049074,-1.0,66.0,3095.0,3095.0
945,0.05221,1.0,66.0,604.0,604.0
946,2.1e-05,1.0,66.0,279.0,607.0
947,0.064035,1.0,105.0,329.0,1051.0
948,0.014382,-1.0,101.0,538.0,604.0
949,0.025433,1.0,223.0,289.0,456.0
950,2e-05,1.0,66.0,167.0,272.0
951,0.004219,1.0,105.0,1342.0,1866.0
952,4.6e-05,-1.0,97.0,238.0,1276.0
953,0.002041,1.0,66.0,386.0,386.0
954,0.002073,-1.0,101.0,596.0,662.0
955,0.027649,1.0,101.0,888.0,2111.0
956,0.006551,1.0,105.0,589.0,1057.0
957,0.040628,-1.0,101.0,735.0,801.0
958,0.002021,-1.0,74.0,148.0,3004.0
959,0.009109,-1.0,97.0,2862.0,3095.0
960,0.003109,1.0,606.0,820.0,3028.0
961,0.003442,1.0,606.0,820.0,3094.0
962,0.053297,1.0,66.0,3030.0,3030.0
963,0.002058,1.0,66.0,214.0,3095.0
964,0.074745,-1.0,74.0,148.0,820.0
965,0.012234,1.0,236.0,1596.0,3005.0
966,0.006224,-1.0,140.0,910.0,2273.0
967,0.060832,-1.0,66.0,4796.0,5060.0
968,0.037353,1.0,568.0,6450.0,7492.0
969,0.051041,-1.0,66.0,3007.0,3007.0
970,0.007883,1.0,66.0,2601.0,3094.0
971,0.062555,1.0,606.0,4546.0,6621.0
972,0.011327,1.0,66.0,3030.0,3096.0
973,0.056747,1.0,74.0,140.0,3094.0
974,0.068824,1.0,66.0,3273.0,4504.0
975,0.01043,1.0,97.0,2696.0,3092.0
976,0.001837,-1.0,278.0,950.0,2879.0
977,0.0,-1.0,66.0,66.0,5089.0
978,0.010146,-1.0,66.0,2762.0,3092.0
979,0.008978,-1.0,66.0,2766.0,3096.0
980,0.065722,1.0,97.0,4973.0,5303.0
981,0.018824,1.0,105.0,399.0,566.0
982,0.060158,1.0,66.0,233.0,233.0
983,0.001802,1.0,66.0,471.0,1023.0
984,0.002093,-1.0,101.0,405.0,471.0
985,0.050168,1.0,66.0,679.0,679.0
986,0.083048,-1.0,101.0,395.0,461.0
987,0.002182,1.0,66.0,391.0,391.0
988,0.002183,-1.0,150.0,282.0,1181.0
989,0.012877,-1.0,101.0,538.0,604.0
990,0.024968,1.0,225.0,291.0,734.0
991,0.031036,-1.0,66.0,1652.0,2699.0
992,7.8e-05,-1.0,105.0,349.0,979.0
993,0.013398,-1.0,66.0,791.0,2436.0
994,0.074039,-1.0,101.0,326.0,392.0
995,0.063407,1.0,66.0,670.0,670.0
996,0.004571,-1.0,150.0,1079.0,1743.0
997,0.008609,-1.0,66.0,2590.0,7574.0
998,0.024846,1.0,66.0,458.0,839.0
999,0.002041,-1.0,74.0,148.0,3092.0
1000,0.059122,1.0,66.0,4997.0,4997.0
1001,0.010662,-1.0,101.0,2963.0,3095.0
1002,0.059475,-1.0,66.0,2828.0,3092.0
1003,0.004758,1.0,66.0,1230.0,3094.0
1004,0.017861,-1.0,140.0,1796.0,3026.0
1005,0.055601,-1.0,66.0,3005.0,3005.0
1006,0.005967,1.0,130.0,1360.0,3094.0
1007,0.066975,1.0,568.0,2600.0,2873.0
1008,0.013861,-1.0,66.0,2525.0,2886.0
1009,0.002466,1.0,66.0,413.0,3778.0
1010,0.007508,1.0,130.0,1360.0,3025.0
1011,0.008777,-1.0,230.0,1516.0,3608.0
1012,0.065059,1.0,236.0,6139.0,7570.0
1013,0.002284,-1.0,144.0,1528.0,7513.0
1014,0.008428,1.0,66.0,2599.0,3092.0
1015,0.002491,-1.0,66.0,1523.0,3762.0
1016,0.044185,1.0,97.0,2762.0,3158.0
1017,0.010005,-1.0,101.0,2895.0,3027.0
1018,0.052643,-1.0,140.0,2768.0,3107.0
1019,0.011149,1.0,567.0,2163.0,3092.0
1020,0.011162,1.0,567.0,2599.0,3092.0
1021,0.007515,1.0,236.0,1596.0,3008.0
1022,0.049753,1.0,66.0,3906.0,3906.0
1023,0.006958,1.0,567.0,2163.0,3092.0
1024,0.001498,-1.0,150.0,216.0,729.0
1025,0.044959,-1.0,66.0,1475.0,3618.0
1026,0.047879,1.0,66.0,1296.0,3226.0
1027,0.053118,-1.0,66.0,2831.0,3095.0
1028,0.088668,-1.0,66.0,3159.0,3159.0
1029,0.045357,1.0,97.0,2762.0,3158.0
1030,0.02579,1.0,573.0,1360.0,2252.0
1031,0.052374,-1.0,110.0,2938.0,2938.0
1032,0.056919,-1.0,66.0,2828.0,3092.0
1033,0.005365,1.0,66.0,1230.0,3003.0
1034,0.078444,1.0,66.0,6329.0,6756.0
1035,0.007988,-1.0,278.0,1090.0,3019.0
1036,0.036363,1.0,66.0,1296.0,3072.0
1037,0.047969,1.0,66.0,3034.0,6788.0
1038,0.003399,1.0,606.0,820.0,3091.0
1039,0.022498,-1.0,66.0,2687.0,3017.0
1040,0.067323,1.0,130.0,2254.0,3766.0
1041,0.030032,-1.0,150.0,1866.0,5735.0
1042,0.010702,-1.0,101.0,2962.0,3094.0
1043,0.075681,1.0,606.0,886.0,3093.0
1044,0.005066,-1.0,66.0,886.0,3092.0
1045,0.010313,-1.0,66.0,2762.0,3092.0
1046,0.0,-1.0,147.0,147.0,4279.0
1047,0.051627,-1.0,66.0,952.0,3093.0
1048,0.058034,1.0,97.0,4698.0,5870.0
1049,1.9e-05,1.0,66.0,167.0,167.0
1050,0.0,1.0,559.0,559.0,1107.0
1051,0.076069,1.0,66.0,739.0,739.0
1052,0.002,-1.0,101.0,331.0,397.0
1053,0.03193,-1.0,144.0,2016.0,2686.0
1054,0.00296,-1.0,105.0,925.0,2024.0
1055,0.00889,-1.0,101.0,272.0,338.0
1056,0.000305,1.0,202.0,1147.0,4131.0
1057,3.2e-05,-1.0,66.0,132.0,2444.0
1058,0.042575,-1.0,66.0,7398.0,7728.0
1059,0.040418,1.0,74.0,140.0,3097.0
1060,0.00777,-1.0,140.0,2538.0,3097.0
1061,0.003305,1.0,66.0,484.0,896.0
1062,0.010791,-1.0,110.0,2876.0,3008.0
1063,0.071553,1.0,97.0,8746.0,8922.0
1064,0.009004,1.0,130.0,1360.0,3095.0
1065,0.037818,1.0,606.0,886.0,3075.0
1066,0.006464,-1.0,278.0,1090.0,3023.0
1067,0.007706,-1.0,140.0,2538.0,3009.0
1068,0.006891,1.0,236.0,1596.0,2966.0
1069,0.013763,-1.0,66.0,2765.0,3095.0
1070,0.009577,-1.0,97.0,2861.0,3094.0
1071,0.020487,-1.0,105.0,2051.0,2362.0
1072,0.013081,-1.0,66.0,2771.0,3101.0
1073,0.074087,1.0,66.0,214.0,820.0
1074,0.007772,-1.0,140.0,1730.0,3032.0
1075,0.026578,1.0,101.0,4038.0,4178.0
1076,0.001739,-1.0,74.0,148.0,2977.0
1077,0.015326,-1.0,630.0,6815.0,8066.0
1078,0.071693,-1.0,278.0,1090.0,2064.0
1079,0.072116,1.0,236.0,1522.0,2063.0
1080,0.022268,-1.0,101.0,2998.0,3130.0
1081,5e-05,-1.0,66.0,132.0,2348.0
1082,0.007903,-1.0,230.0,2365.0,3064.0
1083,0.006063,1.0,130.0,1360.0,3000.0
1084,0.032529,-1.0,66.0,3047.0,3377.0
1085,0.008693,-1.0,66.0,589.0,5145.0
1086,0.021833,-1.0,97.0,1954.0,6569.0
1087,4e-05,1.0,66.0,140.0,2063.0
1088,0.005835,-1.0,278.0,1164.0,3064.0
1089,0.009546,1.0,97.0,2666.0,3062.0
1090,0.006887,1.0,66.0,1582.0,2852.0
1091,0.035234,1.0,74.0,888.0,888.0
1092,0.067009,-1.0,74.0,148.0,820.0
1093,0.0,1.0,66.0,66.0,132.0
1094,0.073015,1.0,540.0,2062.0,2062.0
1095,0.071719,-1.0,278.0,1090.0,2062.0
1096,0.07624,1.0,130.0,1286.0,2064.0
1097,0.076655,1.0,130.0,1286.0,2062.0
1098,0.06988,1.0,66.0,1156.0,2064.0
1099,0.076683,1.0,542.0,2064.0,2064.0
1100,0.052036,-1.0,66.0,2246.0,2246.0
1101,0.001441,-1.0,74.0,148.0,3179.0
1102,0.011833,-1.0,66.0,2737.0,3067.0
1103,0.054919,-1.0,97.0,3210.0,3377.0
1104,0.009316,-1.0,105.0,1855.0,5070.0
1105,0.076454,1.0,236.0,1522.0,2063.0
1106,0.005338,1.0,606.0,746.0,2990.0
1107,0.056021,-1.0,66.0,5010.0,5305.0
1108,0.006566,1.0,97.0,2596.0,2992.0
1109,0.009529,-1.0,97.0,2831.0,3064.0
1110,0.001594,-1.0,97.0,308.0,3650.0
1111,0.009773,-1.0,230.0,2294.0,2927.0
1112,0.012224,1.0,78.0,1128.0,2396.0
1113,0.017358,1.0,66.0,2639.0,3132.0
1114,0.00155,-1.0,97.0,313.0,3512.0
1115,0.001465,1.0,66.0,214.0,2847.0
1116,0.074077,1.0,606.0,820.0,820.0
1117,0.02289,-1.0,66.0,3900.0,6947.0
1118,0.008064,-1.0,140.0,2505.0,2910.0
1119,0.014272,1.0,74.0,140.0,3130.0
1120,0.001732,-1.0,74.0,148.0,2933.0
1121,3.4e-05,1.0,66.0,140.0,2090.0
1122,0.008306,1.0,236.0,1596.0,3092.0
1123,0.071817,-1.0,278.0,1090.0,2090.0
1124,0.006632,1.0,66.0,566.0,1864.0
1125,0.015058,1.0,569.0,1023.0,1516.0
1126,3.3e-05,1.0,66.0,140.0,2091.0
1127,0.001191,-1.0,74.0,148.0,3244.0
1128,0.008814,1.0,66.0,2602.0,3095.0
1129,0.009583,1.0,591.0,2681.0,3507.0
1130,0.0,-1.0,66.0,66.0,3091.0
1131,0.008938,-1.0,97.0,2861.0,3094.0
1132,0.001733,-1.0,74.0,148.0,3024.0
1133,0.000445,1.0,66.0,410.0,2320.0
1134,0.018373,1.0,66.0,2123.0,6445.0
1135,0.029762,-1.0,230.0,2460.0,3159.0
1136,0.024366,-1.0,140.0,2599.0,3070.0
1137,0.007771,1.0,236.0,1596.0,3091.0
1138,0.053693,1.0,97.0,3281.0,3457.0
1139,0.011699,-1.0,66.0,2760.0,3090.0
1140,1.8e-05,-1.0,368.0,510.0,4900.0
1141,0.002557,-1.0,66.0,1440.0,6601.0
1142,0.011823,1.0,236.0,1212.0,2554.0
1143,0.012761,1.0,66.0,3494.0,3739.0
1144,0.004901,1.0,66.0,1230.0,3092.0
1145,0.009542,1.0,66.0,1230.0,2959.0
1146,0.067849,-1.0,74.0,148.0,820.0
1147,0.011266,-1.0,101.0,2960.0,3092.0
1148,0.045648,1.0,566.0,2751.0,3680.0
1149,0.013185,1.0,97.0,2697.0,3093.0
1150,0.009434,1.0,97.0,2694.0,3024.0
1151,0.008999,-1.0,66.0,886.0,3089.0
1152,0.002045,-1.0,74.0,148.0,2977.0
1153,0.016539,-1.0,66.0,5990.0,10964.0
1154,0.009762,-1.0,278.0,1164.0,2975.0
1155,0.028439,1.0,97.0,2735.0,3131.0
1156,0.035988,-1.0,66.0,3623.0,3697.0
1157,0.062626,-1.0,66.0,5085.0,5159.0
1158,0.000111,-1.0,105.0,344.0,4977.0
1159,0.002312,1.0,66.0,1404.0,1470.0
1160,0.006885,1.0,97.0,1782.0,2178.0
1161,0.032834,-1.0,140.0,2571.0,3042.0
1162,0.027604,-1.0,140.0,3683.0,4865.0
1163,0.001235,-1.0,97.0,533.0,797.0
1164,0.04772,-1.0,140.0,4044.0,4537.0
1165,0.038048,1.0,66.0,3151.0,3644.0
1166,0.000284,1.0,66.0,410.0,2091.0
1167,0.000986,-1.0,278.0,344.0,2243.0
1168,0.01009,1.0,66.0,1230.0,2977.0
1169,0.006698,1.0,66.0,1230.0,3064.0
1170,0.074058,1.0,606.0,820.0,820.0
1171,0.003895,-1.0,66.0,738.0,3134.0
1172,1.1e-05,-1.0,66.0,132.0,2362.0
1173,0.055053,-1.0,66.0,2701.0,2701.0
1174,0.005186,-1.0,66.0,886.0,2978.0
1175,0.057246,-1.0,150.0,3217.0,3656.0
1176,0.084765,1.0,66.0,214.0,820.0
1177,0.044907,1.0,97.0,2737.0,3045.0
1178,0.013323,1.0,66.0,2575.0,3068.0
1179,0.0,1.0,74.0,74.0,3070.0
1180,0.008159,1.0,97.0,2674.0,3070.0
1181,0.008614,-1.0,230.0,2369.0,3657.0
1182,0.077037,-1.0,66.0,812.0,2062.0
1183,0.004869,-1.0,278.0,1164.0,3067.0
1184,0.012568,1.0,540.0,2498.0,2991.0
1185,0.00855,-1.0,97.0,2835.0,3068.0
1186,0.007061,1.0,130.0,1360.0,3068.0
1187,0.071418,1.0,66.0,214.0,820.0
1188,0.005316,1.0,690.0,2356.0,6694.0
1189,4.1e-05,1.0,66.0,140.0,2063.0
1190,0.0,1.0,66.0,66.0,132.0
1191,0.008659,1.0,542.0,2138.0,3133.0
1192,0.030355,-1.0,74.0,214.0,3067.0
1193,0.012211,1.0,74.0,140.0,3132.0
1194,0.012182,-1.0,66.0,2570.0,3110.0
1195,0.01022,-1.0,142.0,1643.0,2288.0
1196,0.008488,1.0,538.0,2134.0,2843.0
1197,3.1e-05,1.0,66.0,140.0,2060.0
1198,0.015014,-1.0,101.0,2860.0,2992.0
1199,0.043109,-1.0,97.0,3486.0,3766.0
1200,0.040352,1.0,606.0,886.0,2934.0
1201,0.005535,1.0,66.0,1230.0,2977.0
1202,0.079493,1.0,541.0,2063.0,2063.0
1203,0.01753,-1.0,66.0,4371.0,9362.0
1204,0.05169,-1.0,66.0,2851.0,2851.0
1205,0.027474,-1.0,66.0,952.0,3245.0
1206,0.00172,-1.0,74.0,148.0,3064.0
1207,0.013331,1.0,74.0,140.0,3133.0
1208,1.1e-05,1.0,66.0,167.0,167.0
1209,0.084162,-1.0,105.0,377.0,443.0
1210,0.051768,1.0,66.0,614.0,614.0
1211,0.009646,1.0,239.0,520.0,687.0
1212,0.029121,-1.0,101.0,831.0,1239.0
1213,0.04564,1.0,297.0,363.0,363.0
1214,0.076596,-1.0,101.0,327.0,393.0
1215,0.006135,1.0,105.0,2139.0,3944.0
1216,0.037499,-1.0,101.0,392.0,458.0
1217,0.076986,1.0,606.0,820.0,820.0
1218,0.014256,-1.0,101.0,526.0,592.0
1219,0.049158,1.0,66.0,1858.0,2255.0
1220,0.080849,-1.0,101.0,349.0,415.0
1221,6.3e-05,-1.0,97.0,240.0,880.0
1222,0.04468,-1.0,230.0,3264.0,3963.0
1223,0.009719,1.0,279.0,345.0,512.0
1224,0.001988,1.0,668.0,2306.0,3874.0
1225,0.007465,1.0,105.0,1462.0,1755.0
1226,0.050764,1.0,66.0,614.0,614.0
1227,0.003555,1.0,105.0,717.0,2423.0
1228,0.0,1.0,800.0,800.0,3964.0
1229,0.01183,1.0,66.0,1539.0,2060.0
1230,1.8e-05,1.0,66.0,140.0,3272.0
1231,0.047844,-1.0,230.0,8851.0,9396.0
1232,0.031421,1.0,535.0,2197.0,2994.0
1233,0.054597,-1.0,66.0,3451.0,6964.0
1234,0.069455,1.0,606.0,820.0,820.0
1235,0.00174,1.0,66.0,214.0,3060.0
1236,0.043514,1.0,66.0,3107.0,3512.0
1237,5.2e-05,-1.0,66.0,198.0,2364.0
1238,0.0,-1.0,101.0,101.0,443.0
1239,0.048682,-1.0,230.0,6992.0,7537.0
1240,0.037701,1.0,66.0,5301.0,5546.0
1241,0.010075,-1.0,97.0,2730.0,3060.0
1242,0.005236,1.0,105.0,1431.0,4559.0
1243,0.080487,1.0,130.0,1286.0,2058.0
1244,0.008587,1.0,97.0,1777.0,2173.0
1245,0.032293,1.0,66.0,585.0,3432.0
1246,0.00175,1.0,66.0,214.0,3171.0
1247,0.07422,-1.0,74.0,148.0,820.0
1248,0.079918,-1.0,97.0,3566.0,3733.0
1249,0.074192,-1.0,74.0,148.0,820.0
1250,0.023896,1.0,66.0,6275.0,9524.0
1251,0.076731,1.0,236.0,1522.0,2094.0
1252,0.001735,-1.0,74.0,148.0,2964.0
1253,0.042998,-1.0,140.0,2776.0,3335.0
1254,0.010612,-1.0,110.0,2874.0,3006.0
1255,0.006971,-1.0,230.0,2396.0,2963.0
1256,0.006402,-1.0,66.0,580.0,5082.0
1257,0.068241,-1.0,278.0,5720.0,7367.0
1258,0.001737,1.0,606.0,746.0,2092.0
1259,0.054109,1.0,572.0,10621.0,10894.0
1260,0.0,-1.0,66.0,66.0,2944.0
1261,0.002627,-1.0,66.0,933.0,1591.0
1262,0.037283,-1.0,97.0,2931.0,3164.0
1263,0.073654,-1.0,66.0,6188.0,6188.0
1264,0.010108,-1.0,66.0,2764.0,3094.0
1265,0.009141,1.0,97.0,2699.0,3007.0
1266,0.004893,1.0,66.0,1230.0,3096.0
1267,0.01095,-1.0,97.0,2797.0,3030.0
1268,0.001465,1.0,66.0,214.0,3096.0
1269,0.002492,-1.0,66.0,1700.0,8585.0
1270,0.018721,1.0,571.0,2603.0,3096.0
1271,0.01871,1.0,236.0,2110.0,3174.0
1272,0.05973,-1.0,140.0,12268.0,12607.0
1273,0.043909,-1.0,278.0,1230.0,3160.0
1274,0.011873,1.0,74.0,140.0,3040.0
1275,0.00227,-1.0,66.0,763.0,7100.0
1276,0.000115,-1.0,105.0,352.0,3599.0
1277,0.075497,-1.0,74.0,148.0,820.0
1278,0.000112,1.0,540.0,1501.0,6682.0
1279,0.048654,1.0,606.0,7651.0,9829.0
1280,0.012825,-1.0,66.0,3321.0,3563.0
1281,0.07191,-1.0,74.0,148.0,820.0
1282,0.0,-1.0,97.0,97.0,3417.0
1283,3.1e-05,1.0,66.0,140.0,2059.0
1284,0.009834,1.0,236.0,1596.0,2999.0
1285,0.068937,-1.0,66.0,9228.0,9492.0
1286,0.009477,1.0,66.0,2571.0,3653.0
1287,0.064958,1.0,606.0,6936.0,8957.0
1288,0.02117,-1.0,66.0,2572.0,2933.0
1289,0.0,1.0,74.0,74.0,2978.0
1290,2.6e-05,1.0,66.0,140.0,2062.0
1291,0.068153,1.0,66.0,214.0,820.0
1292,0.002096,-1.0,74.0,148.0,2994.0
1293,0.040796,1.0,66.0,2632.0,3125.0
1294,0.016385,-1.0,110.0,2775.0,2907.0
1295,0.007102,1.0,536.0,2132.0,3061.0
1296,0.031071,-1.0,110.0,3495.0,3627.0
1297,0.013251,1.0,66.0,3513.0,6746.0
1298,0.024547,-1.0,66.0,1688.0,6597.0
1299,0.031336,-1.0,66.0,952.0,3128.0
1300,0.031768,-1.0,140.0,3256.0,3815.0
1301,0.035162,1.0,74.0,729.0,3801.0
1302,0.018109,1.0,130.0,1360.0,2972.0
1303,0.001761,1.0,66.0,214.0,3060.0
1304,0.048172,1.0,583.0,5190.0,11314.0
1305,0.059614,1.0,66.0,3650.0,3650.0
1306,0.025025,-1.0,278.0,1230.0,3129.0
1307,0.007934,1.0,236.0,1596.0,3063.0
1308,0.030612,-1.0,278.0,1230.0,3126.0
1309,0.015583,1.0,205.0,1046.0,3714.0
1310,0.006944,1.0,130.0,1360.0,3063.0
1311,8e-06,1.0,66.0,161.0,1026.0
1312,0.073964,1.0,66.0,1156.0,2062.0
1313,0.078406,-1.0,278.0,1090.0,2059.0
1314,0.072258,1.0,130.0,1286.0,2061.0
1315,3.2e-05,1.0,66.0,140.0,2058.0
1316,0.071168,1.0,130.0,1286.0,2061.0
1317,0.00966,-1.0,146.0,1245.0,5041.0
1318,0.079804,1.0,236.0,1522.0,2058.0
1319,0.002041,1.0,606.0,746.0,2060.0
1320,0.002016,-1.0,74.0,148.0,3065.0
1321,0.0,1.0,74.0,74.0,3064.0
1322,0.001714,-1.0,74.0,148.0,3111.0
1323,0.0523,1.0,74.0,2626.0,5482.0
1324,0.001805,1.0,606.0,746.0,2063.0
1325,0.044097,-1.0,140.0,8347.0,9549.0
1326,0.007119,1.0,537.0,2133.0,3062.0
1327,0.023447,1.0,66.0,2639.0,3044.0
1328,0.000369,-1.0,142.0,486.0,3765.0
1329,0.010839,1.0,97.0,1849.0,2157.0
1330,0.001755,-1.0,74.0,148.0,3178.0
1331,0.070179,1.0,66.0,214.0,820.0
1332,0.012238,1.0,540.0,2136.0,3065.0
1333,0.004544,1.0,66.0,1230.0,3062.0
1334,0.004855,-1.0,278.0,1164.0,2977.0
1335,0.012119,1.0,97.0,1546.0,1800.0
1336,0.0,-1.0,74.0,74.0,2992.0
1337,0.01673,-1.0,230.0,2363.0,3062.0
1338,0.078837,1.0,236.0,1522.0,2062.0
1339,2.2e-05,1.0,66.0,140.0,2098.0
1340,0.083391,-1.0,66.0,812.0,2093.0
1341,0.006767,1.0,66.0,1778.0,3686.0
1342,0.012674,1.0,66.0,2391.0,2997.0
1343,0.036854,1.0,74.0,2146.0,2146.0
1344,0.069843,1.0,66.0,1156.0,2094.0
1345,0.083301,-1.0,66.0,812.0,2095.0
1346,0.074881,1.0,130.0,1286.0,2097.0
1347,0.076681,-1.0,66.0,812.0,2094.0
1348,0.006056,1.0,130.0,1360.0,3097.0
1349,0.011622,1.0,574.0,2170.0,3011.0
1350,0.002017,-1.0,74.0,148.0,3050.0
1351,0.002498,-1.0,66.0,1582.0,6453.0
1352,0.082456,-1.0,74.0,148.0,820.0
1353,0.00201,-1.0,74.0,148.0,2979.0
1354,0.072037,1.0,66.0,214.0,820.0
1355,0.0,1.0,66.0,66.0,2698.0
1356,0.060873,-1.0,66.0,2977.0,2977.0
1357,0.008322,-1.0,66.0,233.0,307.0
1358,0.075629,1.0,606.0,820.0,820.0
1359,0.040181,1.0,74.0,206.0,3002.0
1360,0.022698,-1.0,334.0,2646.0,7453.0
1361,0.0,-1.0,66.0,66.0,3135.0
1362,0.014954,-1.0,110.0,2848.0,2980.0
1363,0.023614,1.0,583.0,2596.0,3527.0
1364,0.074362,-1.0,74.0,148.0,820.0
1365,0.0,1.0,74.0,74.0,3112.0
1366,0.014161,-1.0,97.0,2835.0,3068.0
1367,0.003555,1.0,606.0,820.0,3068.0
1368,0.018026,-1.0,110.0,2846.0,2912.0
1369,3.1e-05,1.0,66.0,140.0,2092.0
1370,0.001443,1.0,66.0,214.0,3029.0
1371,0.006189,1.0,66.0,1230.0,3244.0
1372,0.0,-1.0,66.0,66.0,3416.0
1373,0.010173,1.0,66.0,1230.0,3179.0
1374,0.076058,1.0,66.0,214.0,820.0
1375,0.075893,-1.0,74.0,148.0,820.0
1376,0.007163,1.0,66.0,1795.0,2437.0
1377,0.066731,1.0,66.0,3715.0,4882.0
1378,0.080809,1.0,606.0,820.0,820.0
1379,7.1e-05,-1.0,105.0,349.0,660.0
1380,0.004847,1.0,606.0,820.0,3005.0
1381,0.051185,-1.0,278.0,1230.0,2939.0
1382,0.061733,1.0,97.0,2762.0,3092.0
1383,0.001548,1.0,66.0,414.0,2113.0
1384,0.007661,1.0,236.0,1596.0,3005.0
1385,0.051374,-1.0,66.0,3094.0,3094.0
1386,0.060259,1.0,66.0,3093.0,3093.0
1387,0.079071,-1.0,101.0,673.0,739.0
1388,3e-05,1.0,66.0,277.0,604.0
1389,0.001931,-1.0,97.0,313.0,1321.0
1390,1.1e-05,1.0,66.0,167.0,167.0
1391,0.058396,-1.0,101.0,811.0,811.0
1392,0.024152,1.0,224.0,1293.0,1460.0
1393,0.042156,1.0,66.0,633.0,633.0
1394,0.001745,-1.0,66.0,672.0,3068.0
1395,0.009074,1.0,130.0,1360.0,2997.0
1396,0.00911,1.0,130.0,1360.0,2997.0
1397,0.013217,1.0,536.0,1682.0,2305.0
1398,0.0,1.0,130.0,130.0,1879.0
1399,0.018133,-1.0,140.0,2429.0,2900.0
1400,0.007538,1.0,97.0,2592.0,2900.0
1401,0.005371,1.0,130.0,1360.0,2973.0
1402,0.074484,1.0,130.0,1286.0,2059.0
1403,0.016765,1.0,130.0,1360.0,2842.0
1404,0.05281,1.0,66.0,2694.0,2760.0
1405,0.074263,1.0,130.0,1286.0,2060.0
1406,0.011006,1.0,538.0,2504.0,2997.0
1407,0.07259,-1.0,74.0,148.0,820.0
1408,0.007481,-1.0,140.0,2503.0,3062.0
1409,0.009688,1.0,236.0,1020.0,2048.0
1410,0.009084,-1.0,66.0,2635.0,2974.0
1411,0.0,-1.0,66.0,66.0,2287.0
1412,0.073657,-1.0,74.0,148.0,797.0
1413,0.080552,1.0,66.0,1156.0,2062.0
1414,0.0,1.0,74.0,74.0,2996.0
1415,0.070677,1.0,130.0,1286.0,2063.0
1416,0.041592,-1.0,66.0,952.0,3063.0
1417,0.005916,-1.0,278.0,1164.0,2998.0
1418,0.016875,1.0,538.0,6649.0,7815.0
1419,0.078384,1.0,538.0,2060.0,2060.0
1420,0.01124,-1.0,66.0,968.0,3968.0
1421,0.001663,1.0,664.0,730.0,1622.0
1422,0.030777,-1.0,74.0,1973.0,4889.0
1423,0.042278,-1.0,140.0,2570.0,3041.0
1424,0.034322,-1.0,105.0,2060.0,3645.0
1425,0.035313,1.0,539.0,3091.0,3496.0
1426,0.005223,-1.0,66.0,1918.0,3939.0
1427,0.008905,-1.0,140.0,2506.0,3065.0
1428,0.015546,-1.0,66.0,2207.0,4099.0
1429,0.03019,1.0,236.0,1662.0,3132.0
1430,0.001448,-1.0,74.0,148.0,2998.0
1431,0.00939,1.0,66.0,2559.0,6487.0
1432,0.07569,1.0,66.0,2977.0,3043.0
1433,0.035486,-1.0,66.0,1070.0,4652.0
1434,0.011022,-1.0,97.0,2835.0,3068.0
1435,0.037996,-1.0,140.0,2740.0,3299.0
1436,0.000986,1.0,101.0,167.0,3301.0
1437,0.017093,1.0,97.0,2671.0,2979.0
1438,0.001724,-1.0,74.0,148.0,3065.0
1439,0.032132,1.0,66.0,412.0,3175.0
1440,0.046284,-1.0,140.0,1796.0,3043.0
1441,0.009093,1.0,66.0,2574.0,3067.0
1442,0.067847,1.0,66.0,280.0,886.0
1443,0.008577,1.0,671.0,2033.0,5891.0
1444,0.041599,-1.0,101.0,6693.0,7159.0
1445,0.007768,-1.0,140.0,2505.0,3064.0
1446,0.003182,1.0,606.0,820.0,2976.0
1447,0.021929,1.0,66.0,2640.0,3045.0
1448,0.043842,-1.0,66.0,6311.0,6641.0
1449,0.022691,1.0,606.0,1471.0,3717.0
1450,0.072123,-1.0,74.0,148.0,820.0
1451,0.007291,1.0,236.0,1596.0,3091.0
1452,0.007605,1.0,569.0,2165.0,3094.0
1453,0.056397,-1.0,101.0,3724.0,3790.0
1454,0.01273,-1.0,97.0,4070.0,7438.0
1455,0.050095,-1.0,66.0,3091.0,3091.0
1456,0.001731,-1.0,74.0,148.0,3091.0
1457,0.044545,-1.0,66.0,952.0,3091.0
1458,0.004372,-1.0,230.0,1376.0,2877.0
1459,0.019349,-1.0,66.0,931.0,4453.0
1460,0.016735,-1.0,97.0,3367.0,6737.0
1461,0.038627,1.0,236.0,1903.0,3398.0
1462,0.06756,1.0,66.0,214.0,820.0
1463,0.008104,1.0,66.0,1796.0,3004.0
1464,0.009388,-1.0,101.0,2959.0,3091.0
1465,0.054965,-1.0,74.0,214.0,3025.0
1466,0.006286,1.0,130.0,1360.0,3093.0
1467,0.013882,-1.0,66.0,1193.0,4696.0
1468,0.014015,1.0,236.0,2032.0,3091.0
1469,0.052963,-1.0,101.0,3303.0,3369.0
1470,0.008006,-1.0,230.0,2392.0,3091.0
1471,0.053006,-1.0,278.0,1604.0,3467.0
1472,0.046731,-1.0,66.0,952.0,3006.0
1473,0.001722,-1.0,74.0,148.0,3095.0
1474,0.007899,1.0,105.0,1845.0,1985.0
1475,0.003115,1.0,606.0,820.0,3095.0
1476,0.008502,-1.0,101.0,2966.0,3098.0
1477,0.006243,1.0,66.0,1230.0,3095.0
1478,0.003078,1.0,606.0,820.0,3009.0
1479,0.015746,-1.0,97.0,2864.0,3097.0
1480,0.007604,1.0,236.0,1596.0,3029.0
1481,0.005121,-1.0,66.0,886.0,2941.0
1482,0.006275,-1.0,278.0,1164.0,3097.0
1483,0.060906,-1.0,110.0,5070.0,5070.0
1484,0.003462,1.0,606.0,820.0,3007.0
1485,0.001805,1.0,66.0,214.0,3007.0
1486,0.01178,1.0,66.0,1622.0,4801.0
1487,0.00492,1.0,66.0,1230.0,3008.0
1488,0.006971,1.0,236.0,2032.0,3098.0
1489,0.008716,1.0,236.0,1818.0,2881.0
1490,0.004253,1.0,663.0,1082.0,4904.0
1491,0.001737,1.0,66.0,214.0,3098.0
1492,0.069839,-1.0,66.0,812.0,2093.0
1493,0.006698,-1.0,97.0,1124.0,3456.0
1494,0.030038,1.0,66.0,1073.0,4274.0
1495,0.007,-1.0,230.0,2398.0,3097.0
1496,0.056742,-1.0,66.0,2833.0,2943.0
1497,3e-05,1.0,879.0,1120.0,11077.0
1498,0.058377,1.0,74.0,2146.0,5099.0
1499,0.077116,1.0,130.0,1286.0,2091.0
1500,0.008707,1.0,236.0,1596.0,3093.0
1501,0.001737,-1.0,74.0,148.0,2961.0
1502,0.001708,1.0,66.0,1016.0,2879.0
1503,0.079772,-1.0,66.0,3158.0,3158.0
1504,0.00832,-1.0,66.0,2763.0,3005.0
1505,0.004836,-1.0,278.0,1164.0,3092.0
1506,0.004621,-1.0,66.0,886.0,3006.0
1507,0.000528,-1.0,66.0,289.0,456.0
1508,0.024917,1.0,66.0,1656.0,14681.0
1509,0.082846,-1.0,74.0,148.0,820.0
1510,0.076224,1.0,66.0,1156.0,2091.0
1511,0.004235,-1.0,97.0,440.0,2356.0
1512,0.073339,1.0,236.0,1522.0,2088.0
1513,5e-05,1.0,105.0,171.0,3299.0
1514,0.041651,-1.0,101.0,3000.0,3132.0
1515,5.9e-05,-1.0,97.0,244.0,3560.0
1516,0.011269,-1.0,97.0,2830.0,3063.0
1517,0.003656,1.0,105.0,373.0,513.0
1518,0.0,-1.0,66.0,66.0,2341.0
1519,0.024307,-1.0,97.0,3297.0,6570.0
1520,0.041522,1.0,74.0,140.0,140.0
1521,0.076444,1.0,540.0,2062.0,2062.0
1522,0.039381,1.0,66.0,1232.0,4084.0
1523,0.057638,1.0,97.0,6010.0,6186.0
1524,0.015345,-1.0,150.0,3358.0,3871.0
1525,0.075213,-1.0,74.0,148.0,820.0
1526,0.046457,1.0,97.0,8667.0,8975.0
1527,0.009028,-1.0,101.0,2933.0,3065.0
1528,0.007511,-1.0,105.0,2073.0,5963.0
1529,0.003612,1.0,606.0,820.0,3065.0
1530,0.01038,-1.0,97.0,2833.0,3066.0
1531,0.001484,-1.0,74.0,148.0,2980.0
1532,0.051571,1.0,130.0,4991.0,6632.0
1533,0.011422,1.0,66.0,1796.0,2910.0
1534,0.004986,1.0,66.0,1230.0,3068.0
1535,0.000603,1.0,90.0,502.0,3614.0
1536,0.049916,1.0,66.0,280.0,2910.0
1537,0.076542,1.0,606.0,820.0,820.0
1538,0.003347,-1.0,278.0,1024.0,2838.0
1539,0.003625,1.0,66.0,420.0,665.0
1540,0.016534,1.0,130.0,2835.0,4588.0
1541,0.032001,1.0,66.0,799.0,3650.0
1542,0.01574,-1.0,66.0,2670.0,3000.0
1543,0.082016,1.0,335.0,5460.0,7093.0
1544,0.008942,1.0,97.0,2669.0,3065.0
1545,0.001453,1.0,66.0,214.0,3064.0
1546,0.079209,-1.0,66.0,812.0,2064.0
1547,0.071165,-1.0,74.0,148.0,820.0
1548,0.0,-1.0,150.0,150.0,1252.0
1549,0.013569,1.0,105.0,1416.0,1556.0
1550,0.080937,-1.0,101.0,395.0,461.0
1551,0.024298,-1.0,66.0,1420.0,2320.0
1552,0.024758,1.0,670.0,2981.0,4064.0
1553,0.0,-1.0,66.0,66.0,528.0
1554,0.070005,1.0,66.0,928.0,1327.0
1555,0.040273,1.0,66.0,382.0,816.0
1556,0.0,-1.0,66.0,66.0,804.0
1557,0.0,-1.0,74.0,74.0,2059.0
1558,0.072804,1.0,536.0,2058.0,2058.0
1559,0.070228,1.0,130.0,1286.0,2058.0
1560,0.010256,1.0,535.0,1359.0,1852.0
1561,0.069179,-1.0,278.0,1090.0,2059.0
1562,0.0,-1.0,66.0,66.0,606.0
1563,0.010893,1.0,97.0,2450.0,2758.0
1564,0.070253,1.0,66.0,1156.0,2059.0
1565,0.082968,-1.0,66.0,812.0,2060.0
1566,2e-05,1.0,66.0,140.0,2096.0
1567,0.083858,-1.0,278.0,1090.0,2093.0
1568,0.081154,1.0,130.0,1286.0,2090.0
1569,0.071195,1.0,66.0,1156.0,2091.0
1570,0.013267,-1.0,66.0,2767.0,3097.0
1571,0.070984,-1.0,278.0,1090.0,2093.0
1572,0.005892,1.0,66.0,1230.0,3097.0
1573,0.001728,-1.0,74.0,148.0,3174.0
1574,0.05822,-1.0,66.0,2824.0,4932.0
1575,0.030418,1.0,536.0,2198.0,3127.0
1576,0.003677,1.0,105.0,584.0,891.0
1577,0.03506,1.0,66.0,492.0,1409.0
1578,0.018724,-1.0,66.0,1592.0,6147.0
1579,0.00427,1.0,105.0,685.0,825.0
1580,0.010603,1.0,66.0,2998.0,3064.0
1581,0.003781,1.0,606.0,820.0,2976.0
1582,0.008626,1.0,236.0,1596.0,3063.0
1583,0.004576,-1.0,66.0,886.0,3060.0
1584,0.002173,1.0,105.0,886.0,7521.0
1585,0.013047,1.0,606.0,1057.0,3299.0
1586,0.018126,1.0,78.0,1940.0,3205.0
1587,0.012478,-1.0,147.0,1877.0,3701.0
1588,0.086228,1.0,606.0,886.0,886.0
1589,0.007167,-1.0,230.0,2366.0,3065.0
1590,0.055309,1.0,236.0,4087.0,5052.0
1591,1.8e-05,1.0,66.0,140.0,2923.0
1592,2.2e-05,1.0,66.0,140.0,2060.0
1593,0.021188,-1.0,66.0,1708.0,2363.0
1594,0.011283,-1.0,140.0,4040.0,4599.0
1595,0.006438,1.0,66.0,1698.0,1764.0
1596,0.012473,-1.0,66.0,2593.0,2923.0
1597,0.077115,-1.0,74.0,148.0,820.0
1598,0.079639,1.0,236.0,1522.0,2060.0
1599,0.006121,-1.0,66.0,2392.0,3395.0
1600,2.6e-05,1.0,66.0,140.0,2059.0
1601,0.000407,-1.0,110.0,176.0,308.0
1602,0.015628,-1.0,110.0,2671.0,2834.0
1603,0.079262,1.0,606.0,820.0,820.0
1604,0.050147,-1.0,66.0,2908.0,2908.0
1605,0.077689,1.0,606.0,1480.0,1480.0
1606,0.054148,-1.0,97.0,4295.0,4575.0
1607,0.029523,-1.0,230.0,2177.0,3582.0
1608,0.000266,-1.0,278.0,344.0,2240.0
1609,0.057826,-1.0,140.0,9730.0,10223.0
1610,0.008036,1.0,130.0,1360.0,2929.0
1611,0.054044,-1.0,66.0,3053.0,3053.0
1612,0.048758,-1.0,97.0,2895.0,3128.0
1613,0.008615,-1.0,97.0,2756.0,2989.0
1614,0.075639,1.0,606.0,820.0,820.0
1615,0.000283,1.0,66.0,418.0,3896.0
1616,0.010657,-1.0,230.0,2362.0,2973.0
1617,0.052978,1.0,78.0,3240.0,3240.0
1618,0.01155,1.0,66.0,1230.0,3060.0
1619,0.008473,1.0,97.0,2665.0,3061.0
1620,0.024142,1.0,97.0,1961.0,2936.0
1621,0.020354,1.0,105.0,2201.0,2341.0
1622,0.025178,1.0,74.0,140.0,140.0
1623,0.003455,1.0,606.0,820.0,2931.0
1624,0.01818,-1.0,101.0,2996.0,3128.0
1625,0.012877,1.0,66.0,280.0,2996.0
1626,3.7e-05,1.0,575.0,1426.0,6694.0
1627,0.032451,1.0,566.0,2228.0,3157.0
1628,0.081458,-1.0,74.0,148.0,820.0
1629,0.007682,1.0,66.0,2600.0,3093.0
1630,0.003334,1.0,606.0,820.0,3006.0
1631,0.005441,-1.0,278.0,1164.0,3093.0
1632,0.005395,-1.0,278.0,1164.0,3005.0
1633,0.038128,-1.0,149.0,3720.0,7498.0
1634,0.011065,1.0,66.0,2960.0,3026.0
1635,0.074011,-1.0,66.0,3073.0,3073.0
1636,0.028437,-1.0,66.0,2311.0,2385.0
1637,0.071311,1.0,74.0,4943.0,7677.0
1638,0.018481,-1.0,278.0,1230.0,3742.0
1639,0.068937,1.0,66.0,214.0,820.0
1640,0.007517,-1.0,230.0,2394.0,3093.0
1641,0.0231,-1.0,66.0,6331.0,10930.0
1642,0.048533,-1.0,101.0,3609.0,3741.0
1643,0.076151,1.0,606.0,820.0,820.0
1644,0.046028,-1.0,97.0,4338.0,7499.0
1645,0.005116,-1.0,278.0,1164.0,3095.0
1646,0.000348,1.0,66.0,410.0,2183.0
1647,0.027697,1.0,74.0,140.0,140.0
1648,0.007497,-1.0,146.0,1530.0,2043.0
1649,0.013963,-1.0,101.0,2924.0,3056.0
1650,0.070194,1.0,606.0,820.0,820.0
1651,0.057452,-1.0,150.0,3162.0,3675.0
1652,0.0,-1.0,147.0,147.0,3934.0
1653,0.009834,1.0,130.0,1360.0,3058.0
1654,0.0,1.0,74.0,74.0,3025.0
1655,0.002462,-1.0,97.0,374.0,2289.0
1656,0.081522,-1.0,74.0,148.0,820.0
1657,0.003956,-1.0,105.0,550.0,5073.0
1658,0.016294,-1.0,230.0,1590.0,2994.0
1659,0.036513,-1.0,101.0,2991.0,3123.0
1660,0.0,1.0,101.0,101.0,766.0
1661,0.008226,-1.0,230.0,2359.0,2970.0
1662,0.050157,-1.0,66.0,3094.0,5067.0
1663,0.0,-1.0,66.0,66.0,1655.0
